"","samplingYear","SubjectTaxonomicName","TotalCount","site","Park"
"1","2009","Rhinichthys atratulus",280,"MICR","GWMP"
"2","2022","Anguilla rostrata",3,"MICR","GWMP"
"3","2022","Eurycea bislineata",5,"MICR","GWMP"
"4","2022","Rana sp.",9,"MICR","GWMP"
"5","2022","Rhinichthys atratulus",74,"MICR","GWMP"
"6","2004","Anguilla rostrata",2,"TURU","GWMP"
"7","2004","Catostomus commersonnii",32,"TURU","GWMP"
"8","2004","Rhinichthys atratulus",99,"TURU","GWMP"
"9","2004","Rhinichthys cataractae",1,"TURU","GWMP"
"10","2004","Semotilus atromaculatus",42,"TURU","GWMP"
"11","2012","Anguilla rostrata",5,"TURU","GWMP"
"12","2012","Catostomus commersonnii",1,"TURU","GWMP"
"13","2012","Clinostomus funduloides",2,"TURU","GWMP"
"14","2012","Etheostoma flabellare",2,"TURU","GWMP"
"15","2012","Lepomis cyanellus",10,"TURU","GWMP"
"16","2012","Lepomis gibbosus",1,"TURU","GWMP"
"17","2012","Rhinichthys atratulus",279,"TURU","GWMP"
"18","2012","Rhinichthys cataractae",10,"TURU","GWMP"
"19","2012","Semotilus atromaculatus",18,"TURU","GWMP"
"20","2012","Semotilus corporalis",1,"TURU","GWMP"
"21","2022","Anguilla rostrata",9,"TURU","GWMP"
"22","2022","Cambarus bartonii",5,"TURU","GWMP"
"23","2022","Campostoma anomalum",2,"TURU","GWMP"
"24","2022","Clinostomus funduloides",1,"TURU","GWMP"
"25","2022","Eurycea bislineata",10,"TURU","GWMP"
"26","2022","Rhinichthys atratulus",64,"TURU","GWMP"
"27","2022","Rhinichthys cataractae",23,"TURU","GWMP"
"28","2022","Semotilus atromaculatus",11,"TURU","GWMP"
"29","2004","Anguilla rostrata",83,"PIRU","GWMP"
"30","2004","Catostomus commersonnii",143,"PIRU","GWMP"
"31","2004","Clinostomus funduloides",53,"PIRU","GWMP"
"32","2004","Lepomis auritus",4,"PIRU","GWMP"
"33","2004","Rhinichthys atratulus",686,"PIRU","GWMP"
"34","2004","Rhinichthys cataractae",369,"PIRU","GWMP"
"35","2004","Semotilus atromaculatus",109,"PIRU","GWMP"
"36","2006","Anguilla rostrata",23,"PIRU","GWMP"
"37","2006","Catostomus commersonnii",1,"PIRU","GWMP"
"38","2006","Lepomis auritus",2,"PIRU","GWMP"
"39","2006","Rhinichthys atratulus",45,"PIRU","GWMP"
"40","2006","Rhinichthys cataractae",27,"PIRU","GWMP"
"41","2006","Semotilus atromaculatus",5,"PIRU","GWMP"
"42","2012","Anguilla rostrata",26,"PIRU","GWMP"
"43","2012","Catostomus commersonnii",7,"PIRU","GWMP"
"44","2012","Lepomis auritus",13,"PIRU","GWMP"
"45","2012","Rhinichthys atratulus",78,"PIRU","GWMP"
"46","2012","Rhinichthys cataractae",38,"PIRU","GWMP"
"47","2012","Semotilus atromaculatus",20,"PIRU","GWMP"
"48","2022","Anguilla rostrata",29,"PIRU","GWMP"
"49","2022","Eurycea bislineata",1,"PIRU","GWMP"
"50","2022","Rhinichthys atratulus",9,"PIRU","GWMP"
"51","2022","Rhinichthys cataractae",38,"PIRU","GWMP"
"52","2022","Semotilus atromaculatus",3,"PIRU","GWMP"
"53","2004","Ameiurus natalis",2,"MIRU","GWMP"
"54","2004","Anguilla rostrata",7,"MIRU","GWMP"
"55","2004","Campostoma anomalum",5,"MIRU","GWMP"
"56","2004","Catostomus commersonnii",13,"MIRU","GWMP"
"57","2004","Clinostomus funduloides",12,"MIRU","GWMP"
"58","2004","Cottus girardi",3,"MIRU","GWMP"
"59","2004","Erimyzon oblongus",1,"MIRU","GWMP"
"60","2004","Lepomis auritus",16,"MIRU","GWMP"
"61","2004","Lepomis cyanellus",13,"MIRU","GWMP"
"62","2004","Lepomis macrochirus",4,"MIRU","GWMP"
"63","2004","Luxilus cornutus",5,"MIRU","GWMP"
"64","2004","Micropterus salmoides",20,"MIRU","GWMP"
"65","2004","Moxostoma erythrurum",2,"MIRU","GWMP"
"66","2004","Rhinichthys atratulus",75,"MIRU","GWMP"
"67","2004","Rhinichthys cataractae",35,"MIRU","GWMP"
"68","2004","Semotilus atromaculatus",9,"MIRU","GWMP"
"69","2012","Ameiurus natalis",1,"MIRU","GWMP"
"70","2012","Anguilla rostrata",3,"MIRU","GWMP"
"71","2012","Campostoma anomalum",28,"MIRU","GWMP"
"72","2012","Catostomus commersonnii",20,"MIRU","GWMP"
"73","2012","Cyprinella spiloptera",12,"MIRU","GWMP"
"74","2012","Etheostoma blennioides",3,"MIRU","GWMP"
"75","2012","Etheostoma flabellare",6,"MIRU","GWMP"
"76","2012","Hypentelium nigricans",1,"MIRU","GWMP"
"77","2012","Lepomis auritus",2,"MIRU","GWMP"
"78","2012","Lepomis cyanellus",1,"MIRU","GWMP"
"79","2012","Lepomis macrochirus",12,"MIRU","GWMP"
"80","2012","Luxilus cornutus",4,"MIRU","GWMP"
"81","2012","Micropterus dolomieu",2,"MIRU","GWMP"
"82","2012","Micropterus salmoides",1,"MIRU","GWMP"
"83","2012","Nocomis micropogon",1,"MIRU","GWMP"
"84","2012","Pimephales notatus",13,"MIRU","GWMP"
"85","2012","Rhinichthys atratulus",41,"MIRU","GWMP"
"86","2012","Rhinichthys cataractae",14,"MIRU","GWMP"
"87","2012","Semotilus atromaculatus",30,"MIRU","GWMP"
"88","2012","Semotilus corporalis",25,"MIRU","GWMP"
"89","2022","Ameiurus natalis",1,"MIRU","GWMP"
"90","2022","Anguilla rostrata",7,"MIRU","GWMP"
"91","2022","Cambarus bartonii",15,"MIRU","GWMP"
"92","2022","Campostoma anomalum",7,"MIRU","GWMP"
"93","2022","Crayfish",24,"MIRU","GWMP"
"94","2022","Etheostoma flabellare",16,"MIRU","GWMP"
"95","2022","Eurycea bislineata",35,"MIRU","GWMP"
"96","2022","Faxonius virilis",2,"MIRU","GWMP"
"97","2022","Lepomis auritus",1,"MIRU","GWMP"
"98","2022","Lepomis cyanellus",13,"MIRU","GWMP"
"99","2022","Lepomis macrochirus",4,"MIRU","GWMP"
"100","2022","Nocomis leptocephalus",1,"MIRU","GWMP"
"101","2022","Nocomis micropogon",6,"MIRU","GWMP"
"102","2022","Procambarus clarkii",8,"MIRU","GWMP"
"103","2022","Rhinichthys atratulus",13,"MIRU","GWMP"
"104","2022","Rhinichthys cataractae",10,"MIRU","GWMP"
"105","2022","Semotilus atromaculatus",5,"MIRU","GWMP"
"106","2004","Anguilla rostrata",1,"FLSP","HAFE"
"107","2004","Catostomus commersonnii",3,"FLSP","HAFE"
"108","2004","Cyprinella spiloptera",4,"FLSP","HAFE"
"109","2004","Etheostoma blennioides",1,"FLSP","HAFE"
"110","2004","Gambusia affinis",3,"FLSP","HAFE"
"111","2004","Lepomis cyanellus",8,"FLSP","HAFE"
"112","2004","Lepomis gibbosus",3,"FLSP","HAFE"
"113","2004","Nocomis micropogon",5,"FLSP","HAFE"
"114","2004","Pimephales notatus",104,"FLSP","HAFE"
"115","2013","Ameiurus natalis",1,"FLSP","HAFE"
"116","2013","Etheostoma blennioides",2,"FLSP","HAFE"
"117","2013","Nocomis micropogon",4,"FLSP","HAFE"
"118","2013","Pimephales notatus",4,"FLSP","HAFE"
"119","2013","Rhinichthys cataractae",49,"FLSP","HAFE"
"120","2022","Ameiurus natalis",2,"FLSP","HAFE"
"121","2022","Cambarus bartonii",9,"FLSP","HAFE"
"122","2022","Campostoma anomalum",1,"FLSP","HAFE"
"123","2022","Etheostoma blennioides",5,"FLSP","HAFE"
"124","2022","Eurycea bislineata",1,"FLSP","HAFE"
"125","2022","Faxonius sp.",24,"FLSP","HAFE"
"126","2022","Faxonius virilis",9,"FLSP","HAFE"
"127","2022","Micropterus salmoides",1,"FLSP","HAFE"
"128","2022","Nocomis micropogon",97,"FLSP","HAFE"
"129","2022","Rhinichthys cataractae",43,"FLSP","HAFE"
"130","2022","Cambarus bartonii",27,"BLBZ","CATO"
"131","2022","Cottus caeruleomentum",34,"BLBZ","CATO"
"132","2022","Eurycea bislineata",14,"BLBZ","CATO"
"133","2022","Pseudotriton ruber",1,"BLBZ","CATO"
"134","2022","Rhinichthys atratulus",190,"BLBZ","CATO"
"135","2022","Salamander",3,"BLBZ","CATO"
"136","2022","Salmo trutta",4,"BLBZ","CATO"
"137","2010","Cottus caeruleomentum",162,"OWCK","CATO"
"138","2010","Etheostoma flabellare",27,"OWCK","CATO"
"139","2010","Rhinichthys atratulus",399,"OWCK","CATO"
"140","2010","Rhinichthys cataractae",13,"OWCK","CATO"
"141","2010","Salvelinus fontinalis",17,"OWCK","CATO"
"142","2022","Cambarus bartonii",84,"OWCK","CATO"
"143","2022","Cottus caeruleomentum",333,"OWCK","CATO"
"144","2022","Etheostoma flabellare",43,"OWCK","CATO"
"145","2022","Eurycea bislineata",11,"OWCK","CATO"
"146","2022","Lithobates sp.",1,"OWCK","CATO"
"147","2022","Pseudotriton ruber",1,"OWCK","CATO"
"148","2022","Rhinichthys atratulus",474,"OWCK","CATO"
"149","2022","Rhinichthys cataractae",5,"OWCK","CATO"
"150","2022","Salvelinus fontinalis",46,"OWCK","CATO"
"151","2022","Semotilus atromaculatus",15,"OWCK","CATO"
"152","2006","Rhinichthys atratulus",20,"BGHC","CATO"
"153","2006","Salmo trutta",42,"BGHC","CATO"
"154","2006","Salvelinus fontinalis",11,"BGHC","CATO"
"155","2010","Anguilla rostrata",2,"BGHC","CATO"
"156","2010","Cottus caeruleomentum",120,"BGHC","CATO"
"157","2010","Etheostoma flabellare",9,"BGHC","CATO"
"158","2010","Oncorhynchus mykiss",2,"BGHC","CATO"
"159","2010","Rhinichthys atratulus",68,"BGHC","CATO"
"160","2010","Rhinichthys cataractae",63,"BGHC","CATO"
"161","2010","Salvelinus fontinalis",20,"BGHC","CATO"
"162","2022","Cambarus bartonii",25,"BGHC","CATO"
"163","2022","Catostomus commersonii",2,"BGHC","CATO"
"164","2022","Cottus caeruleomentum",196,"BGHC","CATO"
"165","2022","Etheostoma flabellare",14,"BGHC","CATO"
"166","2022","Eurycea bislineata",2,"BGHC","CATO"
"167","2022","Fundulus diaphanus",2,"BGHC","CATO"
"168","2022","Oncorhynchus mykiss",1,"BGHC","CATO"
"169","2022","Rhinichthys atratulus",138,"BGHC","CATO"
"170","2022","Rhinichthys cataractae",31,"BGHC","CATO"
"171","2022","Salmo trutta",23,"BGHC","CATO"
"172","2004","Anguilla rostrata",1,"MBCH","PRWI"
"173","2004","Erimyzon oblongus",11,"MBCH","PRWI"
"174","2004","Esox niger",3,"MBCH","PRWI"
"175","2004","Etheostoma olmstedi",5,"MBCH","PRWI"
"176","2004","Exoglossum maxillingua",1,"MBCH","PRWI"
"177","2004","Lepomis auritus",24,"MBCH","PRWI"
"178","2004","Noturus insignis",18,"MBCH","PRWI"
"179","2004","Rhinichthys atratulus",10,"MBCH","PRWI"
"180","2004","Semotilus corporalis",1,"MBCH","PRWI"
"181","2011","Catostomus commersonnii",8,"MBCH","PRWI"
"182","2011","Clinostomus funduloides",20,"MBCH","PRWI"
"183","2011","Erimyzon oblongus",13,"MBCH","PRWI"
"184","2011","Etheostoma olmstedi",5,"MBCH","PRWI"
"185","2011","Exoglossum maxillingua",2,"MBCH","PRWI"
"186","2011","Lepomis auritus",24,"MBCH","PRWI"
"187","2011","Lepomis gibbosus",2,"MBCH","PRWI"
"188","2011","Luxilus cornutus",34,"MBCH","PRWI"
"189","2011","Noturus insignis",20,"MBCH","PRWI"
"190","2011","Rhinichthys atratulus",7,"MBCH","PRWI"
"191","2011","Semotilus corporalis",20,"MBCH","PRWI"
"192","2011","Anguilla rostrata",8,"NFQC","PRWI"
"193","2011","Clinostomus funduloides",2,"NFQC","PRWI"
"194","2011","Exoglossum maxillingua",8,"NFQC","PRWI"
"195","2011","Lepomis cyanellus",2,"NFQC","PRWI"
"196","2011","Noturus insignis",1,"NFQC","PRWI"
"197","2011","Rhinichthys atratulus",14,"NFQC","PRWI"
"198","2011","Semotilus atromaculatus",3,"NFQC","PRWI"
"199","2011","Semotilus corporalis",14,"NFQC","PRWI"
"200","2021","Anguilla rostrata",15,"NFQC","PRWI"
"201","2021","Catostomus commersonnii",2,"NFQC","PRWI"
"202","2021","Etheostoma olmstedi",2,"NFQC","PRWI"
"203","2021","Exoglossum maxillingua",4,"NFQC","PRWI"
"204","2021","Lepomis auritus",3,"NFQC","PRWI"
"205","2021","Lepomis cyanellus",1,"NFQC","PRWI"
"206","2021","Noturus insignis",3,"NFQC","PRWI"
"207","2021","Rhinichthys atratulus",4,"NFQC","PRWI"
"208","2021","Semotilus atromaculatus",2,"NFQC","PRWI"
"209","2021","Semotilus corporalis",20,"NFQC","PRWI"
"210","2021","Anguilla rostrata",64,"SFQC","PRWI"
"211","2021","Catostomus commersonnii",2,"SFQC","PRWI"
"212","2021","Etheostoma olmstedi",3,"SFQC","PRWI"
"213","2021","Exoglossum maxillingua",21,"SFQC","PRWI"
"214","2021","Lepomis auritus",3,"SFQC","PRWI"
"215","2021","Lepomis cyanellus",10,"SFQC","PRWI"
"216","2021","Lepomis macrochirus",1,"SFQC","PRWI"
"217","2021","Noturus insignis",64,"SFQC","PRWI"
"218","2021","Rhinichthys atratulus",18,"SFQC","PRWI"
"219","2021","Semotilus corporalis",14,"SFQC","PRWI"
"220","2011","Ameiurus nebulosus",2,"MBBR","PRWI"
"221","2011","Anguilla rostrata",2,"MBBR","PRWI"
"222","2011","Clinostomus funduloides",14,"MBBR","PRWI"
"223","2011","Exoglossum maxillingua",1,"MBBR","PRWI"
"224","2011","Lepomis auritus",1,"MBBR","PRWI"
"225","2011","Noturus insignis",2,"MBBR","PRWI"
"226","2011","Rhinichthys atratulus",50,"MBBR","PRWI"
"227","2011","Semotilus atromaculatus",28,"MBBR","PRWI"
"228","2011","Semotilus corporalis",5,"MBBR","PRWI"
"229","2021","Anguilla rostrata",17,"MBBR","PRWI"
"230","2021","Catostomus commersonnii",3,"MBBR","PRWI"
"231","2021","Clinostomus funduloides",39,"MBBR","PRWI"
"232","2021","Etheostoma olmstedi",4,"MBBR","PRWI"
"233","2021","Exoglossum maxillingua",11,"MBBR","PRWI"
"234","2021","Lepomis auritus",2,"MBBR","PRWI"
"235","2021","Luxilus cornutus",3,"MBBR","PRWI"
"236","2021","Rhinichthys atratulus",41,"MBBR","PRWI"
"237","2021","Semotilus atromaculatus",22,"MBBR","PRWI"
"238","2021","Semotilus corporalis",11,"MBBR","PRWI"
"239","2021","Anguilla rostrata",16,"SORU","PRWI"
"240","2021","Catostomus commersonnii",11,"SORU","PRWI"
"241","2021","Clinostomus funduloides",21,"SORU","PRWI"
"242","2021","Etheostoma olmstedi",4,"SORU","PRWI"
"243","2021","Exoglossum maxillingua",14,"SORU","PRWI"
"244","2021","Lepomis auritus",12,"SORU","PRWI"
"245","2021","Luxilus cornutus",10,"SORU","PRWI"
"246","2021","Noturus insignis",11,"SORU","PRWI"
"247","2021","Rhinichthys atratulus",18,"SORU","PRWI"
"248","2021","Semotilus atromaculatus",21,"SORU","PRWI"
"249","2021","Semotilus corporalis",31,"SORU","PRWI"
"250","2004","Ameiurus natalis",11,"BUCK","MONO"
"251","2004","Campostoma anomalum",120,"BUCK","MONO"
"252","2004","Catostomus commersonnii",30,"BUCK","MONO"
"253","2004","Cottus caeruleomentum",107,"BUCK","MONO"
"254","2004","Cottus girardi",96,"BUCK","MONO"
"255","2004","Cyprinella spiloptera",33,"BUCK","MONO"
"256","2004","Etheostoma blennioides",13,"BUCK","MONO"
"257","2004","Etheostoma caeruleum",2,"BUCK","MONO"
"258","2004","Etheostoma flabellare",6,"BUCK","MONO"
"259","2004","Etheostoma olmstedi",8,"BUCK","MONO"
"260","2004","Lepomis auritus",29,"BUCK","MONO"
"261","2004","Lepomis cyanellus",11,"BUCK","MONO"
"262","2004","Lepomis macrochirus",6,"BUCK","MONO"
"263","2004","Lepomis megalotis",1,"BUCK","MONO"
"264","2004","Micropterus salmoides",1,"BUCK","MONO"
"265","2004","Pimephales notatus",14,"BUCK","MONO"
"266","2004","Rhinichthys atratulus",107,"BUCK","MONO"
"267","2004","Rhinichthys cataractae",91,"BUCK","MONO"
"268","2004","Semotilus atromaculatus",1,"BUCK","MONO"
"269","2010","Ambloplites rupestris",3,"BUCK","MONO"
"270","2010","Ameiurus natalis",16,"BUCK","MONO"
"271","2010","Campostoma anomalum",371,"BUCK","MONO"
"272","2010","Catostomus commersonnii",126,"BUCK","MONO"
"273","2010","Clinostomus funduloides",6,"BUCK","MONO"
"274","2010","Cottus caeruleomentum",386,"BUCK","MONO"
"275","2010","Cottus girardi",45,"BUCK","MONO"
"276","2010","Cyprinella analostana",6,"BUCK","MONO"
"277","2010","Etheostoma blennioides",82,"BUCK","MONO"
"278","2010","Etheostoma caeruleum",92,"BUCK","MONO"
"279","2010","Etheostoma flabellare",24,"BUCK","MONO"
"280","2010","Etheostoma olmstedi",26,"BUCK","MONO"
"281","2010","Exoglossum maxillingua",1,"BUCK","MONO"
"282","2010","Hypentelium nigricans",5,"BUCK","MONO"
"283","2010","Lepomis auritus",26,"BUCK","MONO"
"284","2010","Lepomis cyanellus",6,"BUCK","MONO"
"285","2010","Lepomis macrochirus",1,"BUCK","MONO"
"286","2010","Lepomis megalotis",3,"BUCK","MONO"
"287","2010","Micropterus dolomieu",9,"BUCK","MONO"
"288","2010","Notropis procne",50,"BUCK","MONO"
"289","2010","Notropis rubellus",20,"BUCK","MONO"
"290","2010","Noturus insignis",2,"BUCK","MONO"
"291","2010","Pimephales notatus",100,"BUCK","MONO"
"292","2010","Rhinichthys atratulus",317,"BUCK","MONO"
"293","2010","Rhinichthys cataractae",211,"BUCK","MONO"
"294","2010","Semotilus atromaculatus",5,"BUCK","MONO"
"295","2010","Semotilus corporalis",19,"BUCK","MONO"
"296","2022","Ambloplites rupestris",5,"BUCK","MONO"
"297","2022","Ameiurus natalis",1,"BUCK","MONO"
"298","2022","Campostoma anomalum",10,"BUCK","MONO"
"299","2022","Catostomus commersonii",31,"BUCK","MONO"
"300","2022","Cottus caeruleomentum",57,"BUCK","MONO"
"301","2022","Cottus girardi",21,"BUCK","MONO"
"302","2022","Cyprinella spiloptera",3,"BUCK","MONO"
"303","2022","Etheostoma blennioides",54,"BUCK","MONO"
"304","2022","Etheostoma caeruleum",128,"BUCK","MONO"
"305","2022","Etheostoma flabellare",50,"BUCK","MONO"
"306","2022","Etheostoma olmstedi",6,"BUCK","MONO"
"307","2022","Faxonius sp.",194,"BUCK","MONO"
"308","2022","Faxonius virilis",55,"BUCK","MONO"
"309","2022","Lepomis auritus",12,"BUCK","MONO"
"310","2022","Lepomis cyanellus",2,"BUCK","MONO"
"311","2022","Lepomis macrochirus",1,"BUCK","MONO"
"312","2022","Micropterus dolomieu",7,"BUCK","MONO"
"313","2022","Nocomis leptocephalus",1,"BUCK","MONO"
"314","2022","Nocomis micropogon",32,"BUCK","MONO"
"315","2022","Notropis hudsonius",3,"BUCK","MONO"
"316","2022","Notropis rubellus",14,"BUCK","MONO"
"317","2022","Noturus insignis",5,"BUCK","MONO"
"318","2022","Pimephales notatus",73,"BUCK","MONO"
"319","2022","Rhinichthys cataractae",57,"BUCK","MONO"
"320","2022","Semotilus corporalis",10,"BUCK","MONO"
"321","2004","Ameiurus natalis",5,"GAMI","MONO"
"322","2004","Campostoma anomalum",8,"GAMI","MONO"
"323","2004","Catostomus commersonnii",102,"GAMI","MONO"
"324","2004","Cottus caeruleomentum",201,"GAMI","MONO"
"325","2004","Cottus girardi",15,"GAMI","MONO"
"326","2004","Etheostoma flabellare",47,"GAMI","MONO"
"327","2004","Lepomis auritus",1,"GAMI","MONO"
"328","2004","Lepomis cyanellus",27,"GAMI","MONO"
"329","2004","Lepomis hybrid",1,"GAMI","MONO"
"330","2004","Lepomis macrochirus",37,"GAMI","MONO"
"331","2004","Margariscus margarita",18,"GAMI","MONO"
"332","2004","Micropterus salmoides",12,"GAMI","MONO"
"333","2004","Pimephales notatus",20,"GAMI","MONO"
"334","2004","Rhinichthys atratulus",527,"GAMI","MONO"
"335","2004","Rhinichthys cataractae",67,"GAMI","MONO"
"336","2004","Semotilus atromaculatus",7,"GAMI","MONO"
"337","2010","Catostomus commersonnii",14,"GAMI","MONO"
"338","2010","Cottus caeruleomentum",33,"GAMI","MONO"
"339","2010","Etheostoma flabellare",16,"GAMI","MONO"
"340","2010","Gambusia holbrooki",2,"GAMI","MONO"
"341","2010","Lepomis cyanellus",2,"GAMI","MONO"
"342","2010","Rhinichthys atratulus",300,"GAMI","MONO"
"343","2010","Semotilus atromaculatus",4,"GAMI","MONO"
"344","2019","Alosa pseudoharengus",5,"GAMI","MONO"
"345","2019","Lampetra appendix",5,"GAMI","MONO"
"346","2022","Catostomus commersonii",4,"GAMI","MONO"
"347","2022","Cottus caeruleomentum",7,"GAMI","MONO"
"348","2022","Cottus girardi",2,"GAMI","MONO"
"349","2022","Etheostoma flabellare",31,"GAMI","MONO"
"350","2022","Eurycea bislineata",12,"GAMI","MONO"
"351","2022","Faxonius sp.",44,"GAMI","MONO"
"352","2022","Faxonius virilis",16,"GAMI","MONO"
"353","2022","Gambusia holbrooki",5,"GAMI","MONO"
"354","2022","Lepomis cyanellus",9,"GAMI","MONO"
"355","2022","Margariscus margarita",4,"GAMI","MONO"
"356","2022","Pimephales notatus",1,"GAMI","MONO"
"357","2022","Pseudotriton ruber",2,"GAMI","MONO"
"358","2022","Rana clamitans",1,"GAMI","MONO"
"359","2022","Rana sp.",1,"GAMI","MONO"
"360","2022","Rhinichthys atratulus",116,"GAMI","MONO"
"361","2022","Rhinichthys cataractae",3,"GAMI","MONO"
"362","2022","Semotilus atromaculatus",5,"GAMI","MONO"
"363","2008","Ameiurus natalis",55,"FEBR","ROCR"
"364","2008","Anguilla rostrata",1,"FEBR","ROCR"
"365","2008","Catostomus commersonnii",6,"FEBR","ROCR"
"366","2008","Cyprinella analostana",31,"FEBR","ROCR"
"367","2008","Etheostoma olmstedi",9,"FEBR","ROCR"
"368","2008","Gambusia holbrooki",4,"FEBR","ROCR"
"369","2008","Notropis procne",26,"FEBR","ROCR"
"370","2008","Pimephales notatus",5,"FEBR","ROCR"
"371","2008","Rhinichthys atratulus",370,"FEBR","ROCR"
"372","2008","Rhinichthys cataractae",25,"FEBR","ROCR"
"373","2008","Semotilus atromaculatus",5,"FEBR","ROCR"
"374","2019","Anguilla rostrata",6,"FEBR","ROCR"
"375","2019","Catostomus commersonnii",8,"FEBR","ROCR"
"376","2019","Cyprinella analostana",8,"FEBR","ROCR"
"377","2019","Cyprinella spiloptera",105,"FEBR","ROCR"
"378","2019","Gambusia holbrooki",3,"FEBR","ROCR"
"379","2019","Lepomis auritus",16,"FEBR","ROCR"
"380","2019","Lepomis cyanellus",1,"FEBR","ROCR"
"381","2019","Lepomis gibbosus",4,"FEBR","ROCR"
"382","2019","Lepomis macrochirus",17,"FEBR","ROCR"
"383","2019","Notropis procne",55,"FEBR","ROCR"
"384","2019","Rhinichthys cataractae",4,"FEBR","ROCR"
"385","2019","Semotilus atromaculatus",4,"FEBR","ROCR"
"386","2019","Semotilus corporalis",5,"FEBR","ROCR"
"387","2008","Anguilla rostrata",2,"BRBR","ROCR"
"388","2008","Catostomus commersonnii",5,"BRBR","ROCR"
"389","2008","Rhinichthys atratulus",319,"BRBR","ROCR"
"390","2008","Rhinichthys cataractae",1,"BRBR","ROCR"
"391","2019","Anguilla rostrata",5,"BRBR","ROCR"
"392","2019","Notropis procne",1,"BRBR","ROCR"
"393","2019","Rhinichthys atratulus",109,"BRBR","ROCR"
"394","2019","Rhinichthys cataractae",14,"BRBR","ROCR"
"395","2004","Ameiurus natalis",5,"YOBR","MANA"
"396","2004","Catostomus commersonnii",3,"YOBR","MANA"
"397","2004","Cyprinella analostana",1,"YOBR","MANA"
"398","2004","Etheostoma olmstedi",7,"YOBR","MANA"
"399","2004","Lepomis auritus",9,"YOBR","MANA"
"400","2004","Lepomis cyanellus",88,"YOBR","MANA"
"401","2004","Lepomis gibbosus",2,"YOBR","MANA"
"402","2004","Lepomis macrochirus",46,"YOBR","MANA"
"403","2004","Micropterus dolomieu",4,"YOBR","MANA"
"404","2004","Notropis hudsonius",1,"YOBR","MANA"
"405","2004","Notropis procne",10,"YOBR","MANA"
"406","2004","Pimephales notatus",55,"YOBR","MANA"
"407","2004","Rhinichthys atratulus",3,"YOBR","MANA"
"408","2004","Rhinichthys cataractae",19,"YOBR","MANA"
"409","2004","Semotilus atromaculatus",7,"YOBR","MANA"
"410","2004","Semotilus corporalis",28,"YOBR","MANA"
"411","2010","Ameiurus natalis",5,"YOBR","MANA"
"412","2010","Catostomus commersonnii",18,"YOBR","MANA"
"413","2010","Cyprinella analostana",3,"YOBR","MANA"
"414","2010","Etheostoma flabellare",1,"YOBR","MANA"
"415","2010","Etheostoma olmstedi",7,"YOBR","MANA"
"416","2010","Fundulus diaphanus",2,"YOBR","MANA"
"417","2010","Gambusia holbrooki",11,"YOBR","MANA"
"418","2010","Lepomis cyanellus",20,"YOBR","MANA"
"419","2010","Lepomis macrochirus",4,"YOBR","MANA"
"420","2010","Micropterus salmoides",8,"YOBR","MANA"
"421","2010","Nocomis micropogon",5,"YOBR","MANA"
"422","2010","Pimephales notatus",27,"YOBR","MANA"
"423","2010","Rhinichthys atratulus",1,"YOBR","MANA"
"424","2010","Rhinichthys cataractae",11,"YOBR","MANA"
"425","2010","Semotilus atromaculatus",1,"YOBR","MANA"
"426","2010","Semotilus corporalis",6,"YOBR","MANA"
"427","2022","Ameiurus natalis",1,"YOBR","MANA"
"428","2022","Campostoma anomalum",8,"YOBR","MANA"
"429","2022","Catostomus commersonii",6,"YOBR","MANA"
"430","2022","Cyprinella spiloptera",1,"YOBR","MANA"
"431","2022","Etheostoma flabellare",5,"YOBR","MANA"
"432","2022","Etheostoma olmstedi",23,"YOBR","MANA"
"433","2022","Eurycea bislineata",1,"YOBR","MANA"
"434","2022","Exoglossum maxillingua",5,"YOBR","MANA"
"435","2022","Faxonius sp.",11,"YOBR","MANA"
"436","2022","Faxonius virilis",9,"YOBR","MANA"
"437","2022","Gambusia holbrooki",6,"YOBR","MANA"
"438","2022","Hybognathus regius",2,"YOBR","MANA"
"439","2022","Hypentelium nigricans",1,"YOBR","MANA"
"440","2022","Lepomis auritus",5,"YOBR","MANA"
"441","2022","Lepomis cyanellus",76,"YOBR","MANA"
"442","2022","Lepomis macrochirus",4,"YOBR","MANA"
"443","2022","Luxilus cornutus",3,"YOBR","MANA"
"444","2022","Micropterus dolomieu",2,"YOBR","MANA"
"445","2022","Micropterus salmoides",27,"YOBR","MANA"
"446","2022","Notropis hudsonius",61,"YOBR","MANA"
"447","2022","Noturus insignis",13,"YOBR","MANA"
"448","2022","Pimephales notatus",30,"YOBR","MANA"
"449","2022","Rhinichthys cataractae",6,"YOBR","MANA"
"450","2022","Semotilus atromaculatus",3,"YOBR","MANA"
"451","2022","Semotilus corporalis",57,"YOBR","MANA"
"452","2022","Unknown cyprinid",1,"YOBR","MANA"
"453","2004","Catostomus commersonnii",2,"CHBR","MANA"
"454","2004","Etheostoma flabellare",8,"CHBR","MANA"
"455","2004","Rhinichthys atratulus",92,"CHBR","MANA"
"456","2004","Semotilus atromaculatus",11,"CHBR","MANA"
"457","2004","Ameiurus natalis",2,"HARU","MONO"
"458","2004","Cottus girardi",1,"HARU","MONO"
"459","2004","Etheostoma flabellare",2,"HARU","MONO"
"460","2004","Lepomis auritus",1,"HARU","MONO"
"461","2004","Lepomis cyanellus",21,"HARU","MONO"
"462","2004","Margariscus margarita",1,"HARU","MONO"
"463","2004","Pimephales notatus",10,"HARU","MONO"
"464","2004","Rhinichthys atratulus",398,"HARU","MONO"
"465","2004","Rhinichthys cataractae",9,"HARU","MONO"
"466","2004","Esox niger",1,"NOBR","PRWI"
"467","2004","Etheostoma olmstedi",31,"NOBR","PRWI"
"468","2004","Exoglossum maxillingua",1,"NOBR","PRWI"
"469","2004","Lepomis auritus",9,"NOBR","PRWI"
"470","2004","Lepomis macrochirus",1,"NOBR","PRWI"
"471","2004","Noturus insignis",14,"NOBR","PRWI"
"472","2004","Rhinichthys atratulus",6,"NOBR","PRWI"
"473","2006","Catostomus commersonnii",16,"NOBR","PRWI"
"474","2006","Clinostomus funduloides",3,"NOBR","PRWI"
"475","2006","Etheostoma olmstedi",24,"NOBR","PRWI"
"476","2006","Exoglossum maxillingua",5,"NOBR","PRWI"
"477","2006","Lepomis auritus",37,"NOBR","PRWI"
"478","2006","Luxilus cornutus",13,"NOBR","PRWI"
"479","2006","Noturus insignis",14,"NOBR","PRWI"
"480","2006","Rhinichthys atratulus",38,"NOBR","PRWI"
"481","2006","Semotilus atromaculatus",1,"NOBR","PRWI"
"482","2006","Semotilus corporalis",4,"NOBR","PRWI"
"483","2011","Catostomus commersonnii",44,"NOBR","PRWI"
"484","2011","Clinostomus funduloides",19,"NOBR","PRWI"
"485","2011","Erimyzon oblongus",33,"NOBR","PRWI"
"486","2011","Etheostoma olmstedi",10,"NOBR","PRWI"
"487","2011","Exoglossum maxillingua",4,"NOBR","PRWI"
"488","2011","Lepomis auritus",17,"NOBR","PRWI"
"489","2011","Luxilus cornutus",73,"NOBR","PRWI"
"490","2011","Notropis procne",4,"NOBR","PRWI"
"491","2011","Noturus insignis",13,"NOBR","PRWI"
"492","2011","Rhinichthys atratulus",37,"NOBR","PRWI"
"493","2011","Semotilus corporalis",25,"NOBR","PRWI"
"494","2008","Ameiurus natalis",2,"PHBR","ROCR"
"495","2008","Catostomus commersonnii",2,"PHBR","ROCR"
"496","2008","Rhinichthys atratulus",148,"PHBR","ROCR"
"497","2008","Semotilus atromaculatus",9,"PHBR","ROCR"
"498","2019","Anguilla rostrata",3,"PHBR","ROCR"
"499","2019","Catostomus commersonnii",9,"PHBR","ROCR"
"500","2019","Cyprinella spiloptera",12,"PHBR","ROCR"
"501","2019","Rhinichthys atratulus",92,"PHBR","ROCR"
"502","2019","Rhinichthys cataractae",14,"PHBR","ROCR"
"503","2019","Semotilus atromaculatus",12,"PHBR","ROCR"
"504","2009","Ameiurus natalis",12,"PYBR","ROCR"
"505","2009","Anguilla rostrata",57,"PYBR","ROCR"
"506","2009","Catostomus commersonnii",16,"PYBR","ROCR"
"507","2009","Cyprinella analostana",96,"PYBR","ROCR"
"508","2009","Exoglossum maxillingua",2,"PYBR","ROCR"
"509","2009","Gambusia holbrooki",4,"PYBR","ROCR"
"510","2009","Lepomis auritus",3,"PYBR","ROCR"
"511","2009","Lepomis cyanellus",7,"PYBR","ROCR"
"512","2009","Micropterus salmoides",1,"PYBR","ROCR"
"513","2009","Notropis procne",32,"PYBR","ROCR"
"514","2009","Pimephales notatus",134,"PYBR","ROCR"
"515","2009","Rhinichthys atratulus",176,"PYBR","ROCR"
"516","2009","Rhinichthys cataractae",5,"PYBR","ROCR"
"517","2019","Anguilla rostrata",100,"PYBR","ROCR"
"518","2019","Catostomus commersonnii",2,"PYBR","ROCR"
"519","2019","Lepomis auritus",1,"PYBR","ROCR"
"520","2019","Notropis procne",1,"PYBR","ROCR"
"521","2019","Rhinichthys atratulus",66,"PYBR","ROCR"
"522","2019","Semotilus atromaculatus",3,"PYBR","ROCR"
"523","2008","Anguilla rostrata",23,"R630","ROCR"
"524","2008","Campostoma anomalum",1,"R630","ROCR"
"525","2008","Etheostoma olmstedi",1,"R630","ROCR"
"526","2008","Rhinichthys atratulus",187,"R630","ROCR"
"527","2008","Rhinichthys cataractae",2,"R630","ROCR"
"528","2008","Semotilus atromaculatus",3,"R630","ROCR"
"529","2019","Anguilla rostrata",81,"R630","ROCR"
"530","2019","Etheostoma olmstedi",1,"R630","ROCR"
"531","2019","Rhinichthys atratulus",102,"R630","ROCR"
"532","2019","Rhinichthys cataractae",19,"R630","ROCR"
"533","2019","Semotilus atromaculatus",2,"R630","ROCR"
"534","2008","Rhinichthys atratulus",54,"LUBR","ROCR"
"535","2008","Rhinichthys cataractae",11,"LUBR","ROCR"
"536","2019","Anguilla rostrata",6,"LUBR","ROCR"
"537","2019","Catostomus commersonnii",3,"LUBR","ROCR"
"538","2019","Rhinichthys atratulus",9,"LUBR","ROCR"
"539","2019","Rhinichthys cataractae",12,"LUBR","ROCR"
"540","2019","Semotilus atromaculatus",13,"LUBR","ROCR"
"541","2004","Ameiurus natalis",5,"WOTR","WOTR"
"542","2004","Anguilla rostrata",4,"WOTR","WOTR"
"543","2004","Catostomus commersonnii",28,"WOTR","WOTR"
"544","2004","Clinostomus funduloides",9,"WOTR","WOTR"
"545","2004","Cyprinella analostana",8,"WOTR","WOTR"
"546","2004","Etheostoma olmstedi",11,"WOTR","WOTR"
"547","2004","Lepomis cyanellus",1,"WOTR","WOTR"
"548","2004","Lepomis gibbosus",15,"WOTR","WOTR"
"549","2004","Lepomis macrochirus",4,"WOTR","WOTR"
"550","2004","Micropterus salmoides",2,"WOTR","WOTR"
"551","2004","Notropis procne",8,"WOTR","WOTR"
"552","2004","Rhinichthys atratulus",164,"WOTR","WOTR"
"553","2004","Rhinichthys cataractae",9,"WOTR","WOTR"
"554","2004","Semotilus atromaculatus",3,"WOTR","WOTR"
"555","2006","Ameiurus natalis",1,"WOTR","WOTR"
"556","2006","Anguilla rostrata",5,"WOTR","WOTR"
"557","2006","Campostoma anomalum",158,"WOTR","WOTR"
"558","2006","Catostomus commersonnii",46,"WOTR","WOTR"
"559","2006","Clinostomus funduloides",34,"WOTR","WOTR"
"560","2006","Cyprinella spiloptera",28,"WOTR","WOTR"
"561","2006","Etheostoma olmstedi",32,"WOTR","WOTR"
"562","2006","Lepomis auritus",3,"WOTR","WOTR"
"563","2006","Lepomis cyanellus",5,"WOTR","WOTR"
"564","2006","Lepomis gibbosus",2,"WOTR","WOTR"
"565","2006","Lepomis macrochirus",4,"WOTR","WOTR"
"566","2006","Luxilus cornutus",1,"WOTR","WOTR"
"567","2006","Notropis procne",11,"WOTR","WOTR"
"568","2006","Rhinichthys atratulus",237,"WOTR","WOTR"
"569","2006","Rhinichthys cataractae",22,"WOTR","WOTR"
"570","2006","Semotilus atromaculatus",19,"WOTR","WOTR"
"571","2012","Ameiurus natalis",6,"WOTR","WOTR"
"572","2012","Anguilla rostrata",3,"WOTR","WOTR"
"573","2012","Campostoma anomalum",101,"WOTR","WOTR"
"574","2012","Catostomus commersonnii",30,"WOTR","WOTR"
"575","2012","Clinostomus funduloides",54,"WOTR","WOTR"
"576","2012","Cyprinella analostana",9,"WOTR","WOTR"
"577","2012","Cyprinella spiloptera",27,"WOTR","WOTR"
"578","2012","Etheostoma olmstedi",41,"WOTR","WOTR"
"579","2012","Exoglossum maxillingua",3,"WOTR","WOTR"
"580","2012","Lepomis auritus",8,"WOTR","WOTR"
"581","2012","Lepomis cyanellus",3,"WOTR","WOTR"
"582","2012","Lepomis gibbosus",5,"WOTR","WOTR"
"583","2012","Lepomis macrochirus",1,"WOTR","WOTR"
"584","2012","Luxilus cornutus",33,"WOTR","WOTR"
"585","2012","Micropterus salmoides",2,"WOTR","WOTR"
"586","2012","Notropis procne",33,"WOTR","WOTR"
"587","2012","Noturus insignis",3,"WOTR","WOTR"
"588","2012","Rhinichthys atratulus",220,"WOTR","WOTR"
"589","2012","Rhinichthys cataractae",128,"WOTR","WOTR"
"590","2012","Semotilus atromaculatus",70,"WOTR","WOTR"
"591","2022","Campostoma anomalum",36,"WOTR","WOTR"
"592","2022","Catostomus commersonii",23,"WOTR","WOTR"
"593","2022","Clinostomus funduloides",7,"WOTR","WOTR"
"594","2022","Etheostoma olmstedi",20,"WOTR","WOTR"
"595","2022","Eurycea bislineata",37,"WOTR","WOTR"
"596","2022","Lepomis auritus",6,"WOTR","WOTR"
"597","2022","Lepomis cyanellus",17,"WOTR","WOTR"
"598","2022","Lepomis gibbosus",4,"WOTR","WOTR"
"599","2022","Lepomis macrochirus",1,"WOTR","WOTR"
"600","2022","Luxilus cornutus",27,"WOTR","WOTR"
"601","2022","Notropis procne",5,"WOTR","WOTR"
"602","2022","Rhinichthys atratulus",244,"WOTR","WOTR"
"603","2022","Rhinichthys cataractae",28,"WOTR","WOTR"
"604","2022","Semotilus atromaculatus",57,"WOTR","WOTR"
"605","2008","Anguilla rostrata",6,"SVPS","ROCR"
"606","2008","Catostomus commersonnii",3,"SVPS","ROCR"
"607","2008","Rhinichthys atratulus",366,"SVPS","ROCR"
"608","2008","Rhinichthys cataractae",8,"SVPS","ROCR"
"609","2009","Anguilla rostrata",3,"BAKE","ROCR"
"610","2022","Anguilla rostrata",36,"BAKE","ROCR"
"611","2022","Cambarus bartonii",2,"BAKE","ROCR"
"612","2022","Eurycea bislineata",3,"BAKE","ROCR"
"613","2006","Rhinichthys atratulus",239,"OXRU","NACE"
"614","2013","Ameiurus nebulosus",2,"OXRU","NACE"
"615","2013","Anguilla rostrata",66,"OXRU","NACE"
"616","2013","Campostoma anomalum",1,"OXRU","NACE"
"617","2013","Catostomus commersonnii",1,"OXRU","NACE"
"618","2013","Etheostoma blennioides",5,"OXRU","NACE"
"619","2013","Etheostoma olmstedi",45,"OXRU","NACE"
"620","2013","Fundulus diaphanus",169,"OXRU","NACE"
"621","2013","Fundulus heteroclitus",378,"OXRU","NACE"
"622","2013","Gambusia holbrooki",52,"OXRU","NACE"
"623","2013","Hybognathus regius",1462,"OXRU","NACE"
"624","2013","Lepomis auritus",46,"OXRU","NACE"
"625","2013","Lepomis gibbosus",73,"OXRU","NACE"
"626","2013","Lepomis macrochirus",23,"OXRU","NACE"
"627","2013","Lepomis megalotis",10,"OXRU","NACE"
"628","2013","Micropterus salmoides",8,"OXRU","NACE"
"629","2013","Notropis hudsonius",29,"OXRU","NACE"
"630","2013","Pimephales notatus",6,"OXRU","NACE"
"631","2022","Ameiurus natalis",1,"OXRU","NACE"
"632","2022","Anguilla rostrata",97,"OXRU","NACE"
"633","2022","Campostoma anomalum",6,"OXRU","NACE"
"634","2022","Catostomus commersonii",1,"OXRU","NACE"
"635","2022","Crayfish",1,"OXRU","NACE"
"636","2022","Etheostoma blennioides",2,"OXRU","NACE"
"637","2022","Etheostoma olmstedi",32,"OXRU","NACE"
"638","2022","Fundulus diaphanus",339,"OXRU","NACE"
"639","2022","Fundulus heteroclitus",141,"OXRU","NACE"
"640","2022","Gambusia holbrooki",56,"OXRU","NACE"
"641","2022","Hybognathus regius",183,"OXRU","NACE"
"642","2022","Lepomis auritus",48,"OXRU","NACE"
"643","2022","Lepomis macrochirus",1,"OXRU","NACE"
"644","2022","Lepomis megalotis",1,"OXRU","NACE"
"645","2022","Menidia/membras sp.",4,"OXRU","NACE"
"646","2022","Micropterus dolomieu",1,"OXRU","NACE"
"647","2022","Micropterus salmoides",5,"OXRU","NACE"
"648","2022","Rhinichthys atratulus",3,"OXRU","NACE"
"649","2004","Ameiurus natalis",3,"ACCK","NACE"
"650","2004","Ameiurus nebulosus",82,"ACCK","NACE"
"651","2004","Anguilla rostrata",4,"ACCK","NACE"
"652","2004","Catostomus commersonnii",1,"ACCK","NACE"
"653","2004","Erimyzon oblongus",56,"ACCK","NACE"
"654","2004","Etheostoma olmstedi",41,"ACCK","NACE"
"655","2004","Fundulus diaphanus",88,"ACCK","NACE"
"656","2004","Gambusia affinis",510,"ACCK","NACE"
"657","2004","Lampetra aepyptera",1,"ACCK","NACE"
"658","2004","Lepomis cyanellus",20,"ACCK","NACE"
"659","2004","Lepomis gibbosus",17,"ACCK","NACE"
"660","2004","Lepomis macrochirus",13,"ACCK","NACE"
"661","2004","Notemigonus crysoleucas",1,"ACCK","NACE"
"662","2004","Petromyzon marinus",7,"ACCK","NACE"
"663","2004","Rhinichthys atratulus",4,"ACCK","NACE"
"664","2004","Semotilus atromaculatus",49,"ACCK","NACE"
"665","2004","Umbra pygmaea",25,"ACCK","NACE"
"666","2013","Ameiurus natalis",1,"ACCK","NACE"
"667","2013","Anguilla rostrata",5,"ACCK","NACE"
"668","2013","Catostomus commersonnii",17,"ACCK","NACE"
"669","2013","Erimyzon oblongus",9,"ACCK","NACE"
"670","2013","Etheostoma olmstedi",9,"ACCK","NACE"
"671","2013","Gambusia holbrooki",19,"ACCK","NACE"
"672","2013","Lepomis cyanellus",8,"ACCK","NACE"
"673","2013","Lepomis gibbosus",14,"ACCK","NACE"
"674","2013","Lepomis macrochirus",3,"ACCK","NACE"
"675","2013","Semotilus atromaculatus",5,"ACCK","NACE"
"676","2013","Umbra pygmaea",10,"ACCK","NACE"
"677","2013","Anguilla rostrata",6,"HECR","NACE"
"678","2013","Campostoma anomalum",229,"HECR","NACE"
"679","2013","Catostomus commersonnii",7,"HECR","NACE"
"680","2013","Clinostomus funduloides",2,"HECR","NACE"
"681","2013","Cyprinella analostana",36,"HECR","NACE"
"682","2013","Etheostoma olmstedi",101,"HECR","NACE"
"683","2013","Fundulus heteroclitus",11,"HECR","NACE"
"684","2013","Lepomis auritus",77,"HECR","NACE"
"685","2013","Lepomis cyanellus",2,"HECR","NACE"
"686","2013","Lepomis macrochirus",6,"HECR","NACE"
"687","2013","Margariscus margarita",6,"HECR","NACE"
"688","2013","Notropis procne",191,"HECR","NACE"
"689","2013","Rhinichthys atratulus",391,"HECR","NACE"
"690","2013","Rhinichthys cataractae",90,"HECR","NACE"
"691","2013","Semotilus atromaculatus",107,"HECR","NACE"
"692","2022","Anguilla rostrata",13,"HECR","NACE"
"693","2022","Campostoma anomalum",89,"HECR","NACE"
"694","2022","Catostomus commersonii",38,"HECR","NACE"
"695","2022","Clinostomus funduloides",9,"HECR","NACE"
"696","2022","Cyprinella analostana",6,"HECR","NACE"
"697","2022","Etheostoma olmstedi",38,"HECR","NACE"
"698","2022","Eurycea bislineata",1,"HECR","NACE"
"699","2022","Faxonius limosus",2,"HECR","NACE"
"700","2022","Lepomis auritus",152,"HECR","NACE"
"701","2022","Lepomis cyanellus",18,"HECR","NACE"
"702","2022","Lepomis macrochirus",1,"HECR","NACE"
"703","2022","Micropterus salmoides",2,"HECR","NACE"
"704","2022","Notropis procne",27,"HECR","NACE"
"705","2022","Procambarus clarkii",8,"HECR","NACE"
"706","2022","Rhinichthys atratulus",17,"HECR","NACE"
"707","2022","Semotilus atromaculatus",52,"HECR","NACE"
"708","2022","Umbra pygmaea",1,"HECR","NACE"
"709","2004","Anguilla rostrata",8,"STCK","NACE"
"710","2004","Carassius auratus",3,"STCK","NACE"
"711","2004","Catostomus commersonnii",17,"STCK","NACE"
"712","2004","Clinostomus funduloides",1,"STCK","NACE"
"713","2004","Etheostoma olmstedi",38,"STCK","NACE"
"714","2004","Exoglossum maxillingua",2,"STCK","NACE"
"715","2004","Fundulus heteroclitus",32,"STCK","NACE"
"716","2004","Lepomis auritus",1,"STCK","NACE"
"717","2004","Lepomis gibbosus",9,"STCK","NACE"
"718","2004","Lepomis macrochirus",3,"STCK","NACE"
"719","2004","Micropterus salmoides",1,"STCK","NACE"
"720","2004","Notropis procne",19,"STCK","NACE"
"721","2004","Rhinichthys atratulus",120,"STCK","NACE"
"722","2004","Rhinichthys cataractae",10,"STCK","NACE"
"723","2004","Semotilus atromaculatus",19,"STCK","NACE"
"724","2013","Ameiurus natalis",6,"STCK","NACE"
"725","2013","Anguilla rostrata",68,"STCK","NACE"
"726","2013","Catostomus commersonnii",3,"STCK","NACE"
"727","2013","Cyprinella spiloptera",29,"STCK","NACE"
"728","2013","Erimyzon oblongus",1,"STCK","NACE"
"729","2013","Etheostoma olmstedi",91,"STCK","NACE"
"730","2013","Fundulus diaphanus",19,"STCK","NACE"
"731","2013","Gambusia holbrooki",26,"STCK","NACE"
"732","2013","Lepomis auritus",7,"STCK","NACE"
"733","2013","Lepomis cyanellus",1,"STCK","NACE"
"734","2013","Lepomis macrochirus",26,"STCK","NACE"
"735","2013","Notropis buccatus",3,"STCK","NACE"
"736","2013","Notropis procne",55,"STCK","NACE"
"737","2013","Rhinichthys atratulus",93,"STCK","NACE"
"738","2013","Rhinichthys cataractae",11,"STCK","NACE"
"739","2013","Semotilus atromaculatus",58,"STCK","NACE"
"740","2022","Anguilla rostrata",59,"STCK","NACE"
"741","2022","Campostoma anomalum",3,"STCK","NACE"
"742","2022","Catostomus commersonii",3,"STCK","NACE"
"743","2022","Crayfish",1,"STCK","NACE"
"744","2022","Cyprinella spiloptera",2,"STCK","NACE"
"745","2022","Etheostoma olmstedi",66,"STCK","NACE"
"746","2022","Eurycea bislineata",18,"STCK","NACE"
"747","2022","Faxonius sp.",1,"STCK","NACE"
"748","2022","Micropterus salmoides",2,"STCK","NACE"
"749","2022","Notropis hudsonius",11,"STCK","NACE"
"750","2022","Notropis procne",5,"STCK","NACE"
"751","2022","Noturus insignis",3,"STCK","NACE"
"752","2022","Rhinichthys atratulus",75,"STCK","NACE"
"753","2022","Rhinichthys cataractae",51,"STCK","NACE"
"754","2022","Semotilus atromaculatus",27,"STCK","NACE"
"755","2022","Semotilus corporalis",2,"STCK","NACE"
"756","2022","Umbra pygmaea",1,"STCK","NACE"
"757","2004","Cottus spp.",435,"SHCK","ANTI"
"758","2004","Micropterus salmoides",3,"SHCK","ANTI"
"759","2004","Oncorhynchus mykiss",10,"SHCK","ANTI"
"760","2004","Rhinichthys atratulus",171,"SHCK","ANTI"
"761","2006","Catostomus commersonnii",3,"SHCK","ANTI"
"762","2006","Cottus spp.",239,"SHCK","ANTI"
"763","2006","Oncorhynchus mykiss",1,"SHCK","ANTI"
"764","2006","Rhinichthys atratulus",81,"SHCK","ANTI"
"765","2013","Cottus spp.",342,"SHCK","ANTI"
"766","2013","Rhinichthys atratulus",37,"SHCK","ANTI"
"767","2022","Cambarus bartonii",17,"SHCK","ANTI"
"768","2022","Campostoma anomalum",1,"SHCK","ANTI"
"769","2022","Cottus cognatus",393,"SHCK","ANTI"
"770","2022","Crayfish",2,"SHCK","ANTI"
"771","2022","Desmognathus fuscus",3,"SHCK","ANTI"
"772","2022","Eurycea bislineata",31,"SHCK","ANTI"
"773","2022","Pseudotriton ruber",1,"SHCK","ANTI"
"774","2022","Rana clamitans",1,"SHCK","ANTI"
"775","2022","Rhinichthys atratulus",23,"SHCK","ANTI"
"776","2022","Salmo trutta",6,"SHCK","ANTI"
"777","2011","Anguilla rostrata",1,"TARU","PRWI"
"778","2011","Catostomus commersonnii",19,"TARU","PRWI"
"779","2011","Clinostomus funduloides",55,"TARU","PRWI"
"780","2011","Etheostoma olmstedi",3,"TARU","PRWI"
"781","2011","Exoglossum maxillingua",10,"TARU","PRWI"
"782","2011","Lepomis gibbosus",1,"TARU","PRWI"
"783","2011","Luxilus cornutus",29,"TARU","PRWI"
"784","2011","Nocomis micropogon",2,"TARU","PRWI"
"785","2011","Rhinichthys atratulus",67,"TARU","PRWI"
"786","2011","Semotilus atromaculatus",42,"TARU","PRWI"
"787","2021","Clinostomus funduloides",22,"TARU","PRWI"
"788","2021","Lepomis auritus",1,"TARU","PRWI"
"789","2021","Rhinichthys atratulus",53,"TARU","PRWI"
"790","2021","Semotilus atromaculatus",16,"TARU","PRWI"
"791","2011","Rhinichthys atratulus",8,"CARU","PRWI"
"792","2011","Semotilus atromaculatus",1,"CARU","PRWI"
"793","2021","Anguilla rostrata",6,"CARU","PRWI"
"794","2021","Clinostomus funduloides",18,"CARU","PRWI"
"795","2021","Lepomis auritus",1,"CARU","PRWI"
"796","2021","Lepomis gibbosus",1,"CARU","PRWI"
"797","2021","Lepomis macrochirus",1,"CARU","PRWI"
"798","2021","Rhinichthys atratulus",51,"CARU","PRWI"
"799","2021","Semotilus atromaculatus",12,"CARU","PRWI"
"800","2021","Semotilus corporalis",5,"CARU","PRWI"
"801","2012","Ameiurus natalis",5,"CHCK","WOTR"
"802","2012","Anguilla rostrata",3,"CHCK","WOTR"
"803","2012","Campostoma anomalum",72,"CHCK","WOTR"
"804","2012","Clinostomus funduloides",17,"CHCK","WOTR"
"805","2012","Cyprinella analostana",1,"CHCK","WOTR"
"806","2012","Etheostoma olmstedi",5,"CHCK","WOTR"
"807","2012","Lepomis auritus",1,"CHCK","WOTR"
"808","2012","Rhinichthys atratulus",307,"CHCK","WOTR"
"809","2012","Rhinichthys cataractae",83,"CHCK","WOTR"
"810","2012","Semotilus atromaculatus",48,"CHCK","WOTR"
"811","2022","Anguilla rostrata",2,"CHCK","WOTR"
"812","2022","Cambarus bartonii",13,"CHCK","WOTR"
"813","2022","Campostoma anomalum",3,"CHCK","WOTR"
"814","2022","Catostomus commersonii",2,"CHCK","WOTR"
"815","2022","Clinostomus funduloides",8,"CHCK","WOTR"
"816","2022","Etheostoma olmstedi",23,"CHCK","WOTR"
"817","2022","Eurycea bislineata",86,"CHCK","WOTR"
"818","2022","Lepomis auritus",1,"CHCK","WOTR"
"819","2022","Lepomis cyanellus",4,"CHCK","WOTR"
"820","2022","Lepomis gibbosus",2,"CHCK","WOTR"
"821","2022","Lithobates catesbeianus",1,"CHCK","WOTR"
"822","2022","Luxilus cornutus",7,"CHCK","WOTR"
"823","2022","Rana clamitans",3,"CHCK","WOTR"
"824","2022","Rhinichthys atratulus",262,"CHCK","WOTR"
"825","2022","Rhinichthys cataractae",45,"CHCK","WOTR"
"826","2022","Semotilus atromaculatus",70,"CHCK","WOTR"
"827","2011","Rhinichthys atratulus",40,"MARU","PRWI"
"828","2021","Rhinichthys atratulus",56,"MARU","PRWI"
"829","2021","Semotilus atromaculatus",2,"MARU","PRWI"
"830","2009","Anguilla rostrata",20,"DUOA","ROCR"
"831","2009","Lepomis macrochirus",1,"DUOA","ROCR"
"832","2009","Rhinichthys atratulus",149,"DUOA","ROCR"
"833","2019","Lepomis cyanellus",1,"DUOA","ROCR"
"834","2019","Rhinichthys atratulus",29,"DUOA","ROCR"
"835","2019","Rhinichthys cataractae",5,"DUOA","ROCR"
"836","2019","Semotilus atromaculatus",1,"DUOA","ROCR"
"837","2004","Ameiurus natalis",7,"ROC3","ROCR"
"838","2004","Anguilla rostrata",2,"ROC3","ROCR"
"839","2004","Catostomus commersonnii",61,"ROC3","ROCR"
"840","2004","Cyprinella spiloptera",3,"ROC3","ROCR"
"841","2004","Etheostoma olmstedi",32,"ROC3","ROCR"
"842","2004","Exoglossum maxillingua",1,"ROC3","ROCR"
"843","2004","Lepomis auritus",2,"ROC3","ROCR"
"844","2004","Notropis hudsonius",92,"ROC3","ROCR"
"845","2004","Notropis procne",74,"ROC3","ROCR"
"846","2004","Pimephales notatus",5,"ROC3","ROCR"
"847","2004","Rhinichthys atratulus",43,"ROC3","ROCR"
"848","2004","Rhinichthys cataractae",190,"ROC3","ROCR"
"849","2004","Semotilus corporalis",27,"ROC3","ROCR"
"850","2022","Anguilla rostrata",94,"ROC3","ROCR"
"851","2022","Etheostoma blennioides",6,"ROC3","ROCR"
"852","2022","Etheostoma olmstedi",3,"ROC3","ROCR"
"853","2022","Eurycea bislineata",1,"ROC3","ROCR"
"854","2022","Faxonius limosus",1,"ROC3","ROCR"
"855","2022","Gambusia holbrooki",1,"ROC3","ROCR"
"856","2022","Hypentelium nigricans",1,"ROC3","ROCR"
"857","2022","Lepomis auritus",6,"ROC3","ROCR"
"858","2022","Micropterus dolomieu",1,"ROC3","ROCR"
"859","2022","Notropis hudsonius",3,"ROC3","ROCR"
"860","2022","Percina peltata",1,"ROC3","ROCR"
"861","2022","Rhinichthys atratulus",1,"ROC3","ROCR"
"862","2022","Rhinichthys cataractae",73,"ROC3","ROCR"
"863","2009","Rhinichthys atratulus",1,"NOST","ROCR"
"864","2019","Ameiurus natalis",1,"NOST","ROCR"
"865","2019","Anguilla rostrata",1,"NOST","ROCR"
"866","2019","Semotilus atromaculatus",11,"NOST","ROCR"
"867","2011","Rhinichthys atratulus",185,"ORRU","PRWI"
"868","2009","Anguilla rostrata",9,"KLVA","ROCR"
"869","2009","Lepomis gibbosus",2,"KLVA","ROCR"
"870","2009","Rhinichthys atratulus",140,"KLVA","ROCR"
"871","2019","Anguilla rostrata",43,"KLVA","ROCR"
"872","2019","Rhinichthys atratulus",41,"KLVA","ROCR"
"873","2019","Semotilus atromaculatus",6,"KLVA","ROCR"
"874","2021","Anguilla rostrata",9,"BONE","PRWI"
"875","2021","Clinostomus funduloides",5,"BONE","PRWI"
"876","2021","Rhinichthys atratulus",90,"BONE","PRWI"
"877","2021","Semotilus atromaculatus",1,"BONE","PRWI"
"878","2021","Semotilus corporalis",5,"BONE","PRWI"
"879","2004","Campostoma anomalum",11,"ISCR","CHOH"
"880","2004","Catostomus commersonnii",2,"ISCR","CHOH"
"881","2004","Clinostomus funduloides",1,"ISCR","CHOH"
"882","2004","Cyprinella spiloptera",2,"ISCR","CHOH"
"883","2004","Etheostoma blennioides",5,"ISCR","CHOH"
"884","2004","Etheostoma caeruleum",5,"ISCR","CHOH"
"885","2004","Etheostoma flabellare",17,"ISCR","CHOH"
"886","2004","Etheostoma olmstedi",1,"ISCR","CHOH"
"887","2004","Hypentelium nigricans",1,"ISCR","CHOH"
"888","2004","Nocomis micropogon",19,"ISCR","CHOH"
"889","2004","Rhinichthys atratulus",25,"ISCR","CHOH"
"890","2004","Rhinichthys cataractae",87,"ISCR","CHOH"
"891","2004","Campostoma anomalum",2,"GRSR","CHOH"
"892","2004","Catostomus commersonnii",1,"GRSR","CHOH"
"893","2004","Cottus caeruleomentum",2,"GRSR","CHOH"
"894","2004","Cottus girardi",157,"GRSR","CHOH"
"895","2004","Etheostoma caeruleum",5,"GRSR","CHOH"
"896","2004","Etheostoma flabellare",5,"GRSR","CHOH"
"897","2004","Lepomis cyanellus",1,"GRSR","CHOH"
"898","2004","Margariscus margarita",1,"GRSR","CHOH"
"899","2004","Rhinichthys atratulus",8,"GRSR","CHOH"
"900","2004","Semotilus atromaculatus",11,"GRSR","CHOH"
"901","2004","Ameiurus natalis",5,"CABR","CHOH"
"902","2004","Campostoma anomalum",6,"CABR","CHOH"
"903","2004","Catostomus commersonnii",8,"CABR","CHOH"
"904","2004","Cyprinella spiloptera",135,"CABR","CHOH"
"905","2004","Etheostoma flabellare",1,"CABR","CHOH"
"906","2004","Etheostoma olmstedi",16,"CABR","CHOH"
"907","2004","Lepomis cyanellus",9,"CABR","CHOH"
"908","2004","Lepomis gibbosus",2,"CABR","CHOH"
"909","2004","Lepomis megalotis",6,"CABR","CHOH"
"910","2004","Micropterus salmoides",1,"CABR","CHOH"
"911","2004","Moxostoma erythrurum",1,"CABR","CHOH"
"912","2004","Notropis hudsonius",8,"CABR","CHOH"
"913","2004","Pimephales notatus",57,"CABR","CHOH"
"914","2004","Rhinichthys atratulus",1,"CABR","CHOH"
"915","2004","Semotilus atromaculatus",15,"CABR","CHOH"
"916","2004","Ameiurus natalis",1,"SVSR","CHOH"
"917","2004","Campostoma anomalum",171,"SVSR","CHOH"
"918","2004","Catostomus commersonnii",37,"SVSR","CHOH"
"919","2004","Cottus caeruleomentum",296,"SVSR","CHOH"
"920","2004","Cottus girardi",97,"SVSR","CHOH"
"921","2004","Cyprinella spiloptera",3,"SVSR","CHOH"
"922","2004","Etheostoma blennioides",21,"SVSR","CHOH"
"923","2004","Etheostoma caeruleum",121,"SVSR","CHOH"
"924","2004","Etheostoma flabellare",115,"SVSR","CHOH"
"925","2004","Etheostoma olmstedi",5,"SVSR","CHOH"
"926","2004","Hypentelium nigricans",1,"SVSR","CHOH"
"927","2004","Lepomis cyanellus",5,"SVSR","CHOH"
"928","2004","Luxilus cornutus",47,"SVSR","CHOH"
"929","2004","Micropterus dolomieu",1,"SVSR","CHOH"
"930","2004","Moxostoma erythrurum",13,"SVSR","CHOH"
"931","2004","Nocomis micropogon",1,"SVSR","CHOH"
"932","2004","Noturus insignis",3,"SVSR","CHOH"
"933","2004","Pimephales notatus",205,"SVSR","CHOH"
"934","2004","Rhinichthys atratulus",251,"SVSR","CHOH"
"935","2004","Rhinichthys cataractae",68,"SVSR","CHOH"
"936","2004","Semotilus atromaculatus",10,"SVSR","CHOH"
"937","2004","Semotilus corporalis",18,"SVSR","CHOH"
"938","2004","Ameiurus natalis",5,"MUBR","CHOH"
"939","2004","Anguilla rostrata",1,"MUBR","CHOH"
"940","2004","Campostoma anomalum",120,"MUBR","CHOH"
"941","2004","Catostomus commersonnii",28,"MUBR","CHOH"
"942","2004","Cottus caeruleomentum",17,"MUBR","CHOH"
"943","2004","Cottus girardi",88,"MUBR","CHOH"
"944","2004","Cyprinella spiloptera",1,"MUBR","CHOH"
"945","2004","Etheostoma blennioides",18,"MUBR","CHOH"
"946","2004","Etheostoma flabellare",111,"MUBR","CHOH"
"947","2004","Etheostoma olmstedi",12,"MUBR","CHOH"
"948","2004","Hypentelium nigricans",1,"MUBR","CHOH"
"949","2004","Ictalurus punctatus",2,"MUBR","CHOH"
"950","2004","Lepomis auritus",4,"MUBR","CHOH"
"951","2004","Lepomis cyanellus",4,"MUBR","CHOH"
"952","2004","Lepomis macrochirus",29,"MUBR","CHOH"
"953","2004","Micropterus salmoides",3,"MUBR","CHOH"
"954","2004","Moxostoma erythrurum",3,"MUBR","CHOH"
"955","2004","Noturus insignis",2,"MUBR","CHOH"
"956","2004","Pimephales notatus",87,"MUBR","CHOH"
"957","2004","Rhinichthys atratulus",44,"MUBR","CHOH"
"958","2004","Rhinichthys cataractae",77,"MUBR","CHOH"
"959","2004","Semotilus atromaculatus",1,"MUBR","CHOH"
"960","2004","Catostomus commersonnii",2,"ELRD","HAFE"
"961","2004","Etheostoma blennioides",1,"ELRD","HAFE"
"962","2004","Etheostoma caeruleum",12,"ELRD","HAFE"
"963","2004","Lepomis cyanellus",3,"ELRD","HAFE"
"964","2004","Lepomis gibbosus",1,"ELRD","HAFE"
"965","2004","Nocomis micropogon",1,"ELRD","HAFE"
"966","2004","Pimephales notatus",11,"ELRD","HAFE"
"967","2004","Rhinichthys atratulus",50,"ELRD","HAFE"
"968","2004","Semotilus corporalis",1,"ELRD","HAFE"
"969","2004","Ameiurus natalis",1,"ELRU","HAFE"
"970","2004","Campostoma anomalum",1,"ELRU","HAFE"
"971","2004","Catostomus commersonnii",2,"ELRU","HAFE"
"972","2004","Etheostoma caeruleum",7,"ELRU","HAFE"
"973","2004","Etheostoma flabellare",1,"ELRU","HAFE"
"974","2004","Lepomis cyanellus",12,"ELRU","HAFE"
"975","2004","Luxilus cornutus",2,"ELRU","HAFE"
"976","2004","Margariscus margarita",2,"ELRU","HAFE"
"977","2004","Pimephales notatus",12,"ELRU","HAFE"
"978","2004","Rhinichthys atratulus",27,"ELRU","HAFE"
"979","2004","Ameiurus natalis",3,"SGAM","MONO"
"980","2004","Anguilla rostrata",3,"SGAM","MONO"
"981","2004","Campostoma anomalum",73,"SGAM","MONO"
"982","2004","Catostomus commersonnii",10,"SGAM","MONO"
"983","2004","Cottus caeruleomentum",121,"SGAM","MONO"
"984","2004","Cottus girardi",19,"SGAM","MONO"
"985","2004","Cyprinella spiloptera",16,"SGAM","MONO"
"986","2004","Etheostoma blennioides",34,"SGAM","MONO"
"987","2004","Etheostoma caeruleum",4,"SGAM","MONO"
"988","2004","Etheostoma flabellare",8,"SGAM","MONO"
"989","2004","Etheostoma olmstedi",16,"SGAM","MONO"
"990","2004","Hypentelium nigricans",4,"SGAM","MONO"
"991","2004","Ictalurus punctatus",1,"SGAM","MONO"
"992","2004","Lepomis auritus",18,"SGAM","MONO"
"993","2004","Lepomis cyanellus",2,"SGAM","MONO"
"994","2004","Lepomis macrochirus",2,"SGAM","MONO"
"995","2004","Lepomis megalotis",1,"SGAM","MONO"
"996","2004","Micropterus dolomieu",3,"SGAM","MONO"
"997","2004","Notropis procne",1,"SGAM","MONO"
"998","2004","Notropis rubellus",1,"SGAM","MONO"
"999","2004","Pimephales notatus",14,"SGAM","MONO"
"1000","2004","Rhinichthys atratulus",95,"SGAM","MONO"
"1001","2004","Rhinichthys cataractae",208,"SGAM","MONO"
"1002","2004","Semotilus atromaculatus",2,"SGAM","MONO"
"1003","2004","Semotilus corporalis",6,"SGAM","MONO"
