"","project","park","site","Year","Species","No","No.se","No.LCI","No.UCI","p","p.se","p.LCI","p.UCI"
"1","NCRN","GWMP","MICR","2022","Anguilla rostrata",3,0,3,3,1,0,1,1
"4","NCRN","GWMP","MICR","2009","Rhinichthys atratulus",291.88,5.3,281.49,302.26,0.8,0.03,0.74,0.86
"5","NCRN","GWMP","MICR","2022","Rhinichthys atratulus",138.29,57.93,24.74,251.83,0.32,0.16,0,0.63
"6","NCRN","GWMP","TURU","2004","Anguilla rostrata",2,0,2,2,1,0,1,1
"7","NCRN","GWMP","TURU","2012","Anguilla rostrata",5,0,5,5,1,0,1,1
"8","NCRN","GWMP","TURU","2022","Anguilla rostrata",9,0,9,9,1,0,1,1
"9","NCRN","GWMP","TURU","2022","Cambarus bartonii",9,13.42,-17.3,35.3,0.33,0.61,-0.86,1.53
"11","NCRN","GWMP","TURU","2004","Catostomus commersonnii",44.1,13.07,18.49,69.71,0.48,0.19,0.09,0.86
"12","NCRN","GWMP","TURU","2012","Catostomus commersonnii",1,0,1,1,1,0,1,1
"13","NCRN","GWMP","TURU","2012","Clinostomus funduloides",2,0,2,2,1,0,1,1
"14","NCRN","GWMP","TURU","2022","Clinostomus funduloides",1,0,1,1,1,0,1,1
"15","NCRN","GWMP","TURU","2012","Etheostoma flabellare",2,0,2,2,1,0,1,1
"17","NCRN","GWMP","TURU","2012","Lepomis cyanellus",12.25,4.15,4.12,20.38,0.57,0.3,-0.01,1.15
"18","NCRN","GWMP","TURU","2012","Lepomis gibbosus",1,0,1,1,1,0,1,1
"19","NCRN","GWMP","TURU","2004","Rhinichthys atratulus",102.26,2.63,97.1,107.42,0.82,0.05,0.72,0.92
"20","NCRN","GWMP","TURU","2012","Rhinichthys atratulus",292.27,5.75,281,303.53,0.79,0.03,0.72,0.85
"21","NCRN","GWMP","TURU","2022","Rhinichthys atratulus",108.64,39.8,30.64,186.64,0.36,0.16,0.04,0.68
"22","NCRN","GWMP","TURU","2004","Rhinichthys cataractae",1,0,1,1,1,0,1,1
"23","NCRN","GWMP","TURU","2012","Rhinichthys cataractae",10.12,0.44,9.25,11,0.89,0.12,0.66,1.12
"24","NCRN","GWMP","TURU","2022","Rhinichthys cataractae",26.27,4.04,18.35,34.2,0.65,0.17,0.32,0.98
"25","NCRN","GWMP","TURU","2004","Semotilus atromaculatus",50,7.2,35.89,64.11,0.6,0.14,0.33,0.87
"26","NCRN","GWMP","TURU","2012","Semotilus atromaculatus",18,0,18,18,1,0,1,1
"27","NCRN","GWMP","TURU","2022","Semotilus atromaculatus",12.8,3.18,6.56,19.04,0.62,0.25,0.13,1.12
"28","NCRN","GWMP","TURU","2012","Semotilus corporalis",1,0,1,1,1,0,1,1
"29","NCRN","GWMP","PIRU","2004","Anguilla rostrata",95.41,8.04,79.66,111.16,0.64,0.09,0.46,0.82
"30","NCRN","GWMP","PIRU","2006","Anguilla rostrata",23.05,0.24,22.58,23.52,0.95,0.05,0.86,1.05
"31","NCRN","GWMP","PIRU","2012","Anguilla rostrata",27.56,2.09,23.46,31.66,0.76,0.12,0.53,0.99
"32","NCRN","GWMP","PIRU","2022","Anguilla rostrata",46.29,21.76,3.64,88.94,0.39,0.23,-0.07,0.85
"33","NCRN","GWMP","PIRU","2004","Catostomus commersonnii",218.92,41.67,137.25,300.58,0.41,0.1,0.21,0.61
"34","NCRN","GWMP","PIRU","2006","Catostomus commersonnii",1,0,1,1,1,0,1,1
"35","NCRN","GWMP","PIRU","2012","Catostomus commersonnii",8.33,2.94,2.57,14.1,0.6,0.33,-0.06,1.26
"36","NCRN","GWMP","PIRU","2004","Clinostomus funduloides",55.31,2.35,50.7,59.93,0.8,0.07,0.65,0.94
"38","NCRN","GWMP","PIRU","2004","Lepomis auritus",4,0,4,4,1,0,1,1
"40","NCRN","GWMP","PIRU","2012","Lepomis auritus",49,151.43,-247.8,345.8,0.14,0.48,-0.79,1.08
"41","NCRN","GWMP","PIRU","2004","Rhinichthys atratulus",848.99,36.35,777.74,920.24,0.56,0.04,0.49,0.63
"42","NCRN","GWMP","PIRU","2006","Rhinichthys atratulus",49,3.76,41.64,56.36,0.71,0.1,0.51,0.92
"43","NCRN","GWMP","PIRU","2012","Rhinichthys atratulus",90.25,8.16,74.26,106.24,0.63,0.09,0.45,0.82
"45","NCRN","GWMP","PIRU","2004","Rhinichthys cataractae",484.28,35.74,414.24,554.33,0.51,0.05,0.41,0.62
"46","NCRN","GWMP","PIRU","2006","Rhinichthys cataractae",30.77,4.3,22.33,39.21,0.65,0.15,0.35,0.95
"47","NCRN","GWMP","PIRU","2012","Rhinichthys cataractae",57.6,20.71,17,98.2,0.42,0.2,0.03,0.8
"48","NCRN","GWMP","PIRU","2022","Rhinichthys cataractae",43.56,5.33,33.11,54,0.64,0.13,0.38,0.9
"49","NCRN","GWMP","PIRU","2004","Semotilus atromaculatus",189.39,56.01,79.61,299.17,0.35,0.13,0.1,0.6
"50","NCRN","GWMP","PIRU","2006","Semotilus atromaculatus",9,13.42,-17.3,35.3,0.33,0.61,-0.86,1.53
"51","NCRN","GWMP","PIRU","2012","Semotilus atromaculatus",22.5,3.35,15.93,29.07,0.67,0.17,0.33,1
"52","NCRN","GWMP","PIRU","2022","Semotilus atromaculatus",4,3.46,-2.79,10.79,0.5,0.61,-0.7,1.7
"54","NCRN","GWMP","MIRU","2012","Ameiurus natalis",1,0,1,1,1,0,1,1
"56","NCRN","GWMP","MIRU","2004","Anguilla rostrata",7.2,0.63,5.96,8.44,0.83,0.18,0.48,1.19
"57","NCRN","GWMP","MIRU","2012","Anguilla rostrata",3,0,3,3,1,0,1,1
"58","NCRN","GWMP","MIRU","2022","Anguilla rostrata",7,0,7,7,1,0,1,1
"60","NCRN","GWMP","MIRU","2004","Campostoma anomalum",5.33,0.99,3.39,7.28,0.75,0.28,0.2,1.3
"61","NCRN","GWMP","MIRU","2012","Campostoma anomalum",29.39,1.88,25.71,33.07,0.78,0.11,0.57,0.99
"63","NCRN","GWMP","MIRU","2004","Catostomus commersonnii",14.29,2.21,9.96,18.61,0.7,0.2,0.31,1.09
"64","NCRN","GWMP","MIRU","2012","Catostomus commersonnii",21.33,1.99,17.44,25.23,0.75,0.14,0.48,1.02
"65","NCRN","GWMP","MIRU","2004","Clinostomus funduloides",13.5,2.6,8.41,18.59,0.67,0.22,0.23,1.1
"66","NCRN","GWMP","MIRU","2004","Cottus girardi",4,3.46,-2.79,10.79,0.5,0.61,-0.7,1.7
"67","NCRN","GWMP","MIRU","2022","Crayfish",37.5,18.37,1.49,73.51,0.4,0.25,-0.1,0.9
"68","NCRN","GWMP","MIRU","2012","Cyprinella spiloptera",16,6.93,2.42,29.58,0.5,0.31,-0.1,1.1
"69","NCRN","GWMP","MIRU","2004","Erimyzon oblongus",1,0,1,1,1,0,1,1
"70","NCRN","GWMP","MIRU","2012","Etheostoma blennioides",4,3.46,-2.79,10.79,0.5,0.61,-0.7,1.7
"72","NCRN","GWMP","MIRU","2022","Etheostoma flabellare",40.5,63,-82.98,163.98,0.22,0.39,-0.55,0.99
"73","NCRN","GWMP","MIRU","2022","Eurycea bislineata",63,35.5,-6.57,132.57,0.33,0.23,-0.12,0.78
"74","NCRN","GWMP","MIRU","2022","Faxonius virilis",2,0,2,2,1,0,1,1
"75","NCRN","GWMP","MIRU","2012","Hypentelium nigricans",1,0,1,1,1,0,1,1
"76","NCRN","GWMP","MIRU","2004","Lepomis auritus",16.9,1.56,13.84,19.96,0.77,0.15,0.48,1.06
"78","NCRN","GWMP","MIRU","2022","Lepomis auritus",1,0,1,1,1,0,1,1
"79","NCRN","GWMP","MIRU","2004","Lepomis cyanellus",14.29,2.21,9.96,18.61,0.7,0.2,0.31,1.09
"80","NCRN","GWMP","MIRU","2012","Lepomis cyanellus",1,0,1,1,1,0,1,1
"81","NCRN","GWMP","MIRU","2022","Lepomis cyanellus",21.33,16.02,-10.07,52.74,0.38,0.36,-0.32,1.07
"82","NCRN","GWMP","MIRU","2004","Lepomis macrochirus",4.5,1.5,1.56,7.44,0.67,0.38,-0.09,1.42
"83","NCRN","GWMP","MIRU","2012","Lepomis macrochirus",16,6.93,2.42,29.58,0.5,0.31,-0.1,1.1
"85","NCRN","GWMP","MIRU","2004","Luxilus cornutus",9,13.42,-17.3,35.3,0.33,0.61,-0.86,1.53
"86","NCRN","GWMP","MIRU","2012","Luxilus cornutus",4,0,4,4,1,0,1,1
"88","NCRN","GWMP","MIRU","2004","Micropterus salmoides",24.5,5.87,13,36,0.57,0.21,0.16,0.98
"89","NCRN","GWMP","MIRU","2012","Micropterus salmoides",1,0,1,1,1,0,1,1
"90","NCRN","GWMP","MIRU","2004","Moxostoma erythrurum",2,0,2,2,1,0,1,1
"92","NCRN","GWMP","MIRU","2012","Nocomis micropogon",1,0,1,1,1,0,1,1
"94","NCRN","GWMP","MIRU","2012","Pimephales notatus",13.44,0.98,11.53,15.36,0.82,0.14,0.54,1.09
"96","NCRN","GWMP","MIRU","2004","Rhinichthys atratulus",116.26,31.57,54.39,178.14,0.4,0.14,0.13,0.68
"97","NCRN","GWMP","MIRU","2012","Rhinichthys atratulus",47.37,5.85,35.9,58.84,0.63,0.13,0.38,0.89
"99","NCRN","GWMP","MIRU","2004","Rhinichthys cataractae",53.78,20.89,12.84,94.72,0.41,0.21,0,0.81
"100","NCRN","GWMP","MIRU","2012","Rhinichthys cataractae",14.4,0.9,12.64,16.16,0.83,0.13,0.58,1.08
"102","NCRN","GWMP","MIRU","2004","Semotilus atromaculatus",9.8,1.68,6.51,13.09,0.71,0.23,0.27,1.16
"103","NCRN","GWMP","MIRU","2012","Semotilus atromaculatus",32,2.43,27.23,36.77,0.75,0.11,0.53,0.97
"105","NCRN","GWMP","MIRU","2012","Semotilus corporalis",26.67,2.22,22.31,31.02,0.75,0.12,0.51,0.99
"106","NCRN","HAFE","FLSP","2013","Ameiurus natalis",1,0,1,1,1,0,1,1
"108","NCRN","HAFE","FLSP","2004","Anguilla rostrata",1,0,1,1,1,0,1,1
"110","NCRN","HAFE","FLSP","2022","Campostoma anomalum",1,0,1,1,1,0,1,1
"111","NCRN","HAFE","FLSP","2004","Catostomus commersonnii",3,0,3,3,1,0,1,1
"112","NCRN","HAFE","FLSP","2004","Cyprinella spiloptera",4.5,1.5,1.56,7.44,0.67,0.38,-0.09,1.42
"113","NCRN","HAFE","FLSP","2004","Etheostoma blennioides",1,0,1,1,1,0,1,1
"115","NCRN","HAFE","FLSP","2022","Etheostoma blennioides",5.33,0.99,3.39,7.28,0.75,0.28,0.2,1.3
"116","NCRN","HAFE","FLSP","2022","Eurycea bislineata",1,0,1,1,1,0,1,1
"117","NCRN","HAFE","FLSP","2022","Faxonius sp.",84.5,175.14,-258.77,427.77,0.15,0.35,-0.53,0.83
"118","NCRN","HAFE","FLSP","2022","Faxonius virilis",9.8,1.68,6.51,13.09,0.71,0.23,0.27,1.16
"119","NCRN","HAFE","FLSP","2004","Gambusia affinis",4,3.46,-2.79,10.79,0.5,0.61,-0.7,1.7
"120","NCRN","HAFE","FLSP","2004","Lepomis cyanellus",9,2.12,4.84,13.16,0.67,0.27,0.13,1.2
"121","NCRN","HAFE","FLSP","2004","Lepomis gibbosus",3,0,3,3,1,0,1,1
"123","NCRN","HAFE","FLSP","2004","Nocomis micropogon",5.33,0.99,3.39,7.28,0.75,0.28,0.2,1.3
"124","NCRN","HAFE","FLSP","2013","Nocomis micropogon",4.5,1.5,1.56,7.44,0.67,0.38,-0.09,1.42
"125","NCRN","HAFE","FLSP","2022","Nocomis micropogon",108.76,7.19,94.67,122.84,0.67,0.08,0.52,0.82
"126","NCRN","HAFE","FLSP","2004","Pimephales notatus",122.28,10.48,101.74,142.83,0.61,0.08,0.45,0.78
"128","NCRN","HAFE","FLSP","2013","Rhinichthys cataractae",54.76,4.97,45.01,64.51,0.68,0.11,0.46,0.89
"129","NCRN","HAFE","FLSP","2022","Rhinichthys cataractae",484,3029.54,-5453.78,6421.78,0.05,0.29,-0.53,0.62
"130","NCRN","CATO","BLBZ","2022","Cambarus bartonii",41.29,18.03,5.95,76.62,0.41,0.23,-0.05,0.87
"131","NCRN","CATO","BLBZ","2022","Cottus caeruleomentum",66.67,45.35,-22.22,155.55,0.3,0.24,-0.18,0.78
"134","NCRN","CATO","BLBZ","2022","Rhinichthys atratulus",207.78,8.06,191.99,223.57,0.71,0.05,0.61,0.81
"136","NCRN","CATO","BLBZ","2022","Salmo trutta",4,0,4,4,1,0,1,1
"137","NCRN","CATO","OWCK","2022","Cambarus bartonii",192,109.98,-23.56,407.56,0.25,0.17,-0.07,0.57
"138","NCRN","CATO","OWCK","2010","Cottus caeruleomentum",220.17,27.7,165.88,274.47,0.49,0.09,0.32,0.65
"139","NCRN","CATO","OWCK","2022","Cottus caeruleomentum",403.1,22.39,359.22,446.99,0.58,0.05,0.48,0.68
"140","NCRN","CATO","OWCK","2010","Etheostoma flabellare",32.82,6.53,20.02,45.61,0.58,0.18,0.23,0.93
"141","NCRN","CATO","OWCK","2022","Etheostoma flabellare",52.94,8.85,35.6,70.29,0.57,0.14,0.28,0.85
"144","NCRN","CATO","OWCK","2022","Pseudotriton ruber",1,0,1,1,1,0,1,1
"145","NCRN","CATO","OWCK","2010","Rhinichthys atratulus",450.78,15.49,420.42,481.14,0.66,0.04,0.58,0.74
"146","NCRN","CATO","OWCK","2022","Rhinichthys atratulus",529.6,15.44,499.34,559.86,0.68,0.03,0.61,0.74
"147","NCRN","CATO","OWCK","2010","Rhinichthys cataractae",21.33,16.02,-10.07,52.74,0.38,0.36,-0.32,1.07
"148","NCRN","CATO","OWCK","2022","Rhinichthys cataractae",5,0,5,5,1,0,1,1
"149","NCRN","CATO","OWCK","2010","Salvelinus fontinalis",17,0,17,17,1,0,1,1
"150","NCRN","CATO","OWCK","2022","Salvelinus fontinalis",64.29,16.61,31.73,96.84,0.47,0.17,0.14,0.79
"151","NCRN","CATO","OWCK","2022","Semotilus atromaculatus",27,23.24,-18.55,72.55,0.33,0.35,-0.36,1.02
"153","NCRN","CATO","BGHC","2022","Cambarus bartonii",36.57,14.69,7.77,65.37,0.44,0.23,-0.02,0.9
"155","NCRN","CATO","BGHC","2010","Cottus caeruleomentum",160,21.91,117.06,202.94,0.5,0.1,0.31,0.69
"156","NCRN","CATO","BGHC","2022","Cottus caeruleomentum",233.33,15.56,202.85,263.82,0.6,0.06,0.48,0.72
"157","NCRN","CATO","BGHC","2010","Etheostoma flabellare",9.8,1.68,6.51,13.09,0.71,0.23,0.27,1.16
"158","NCRN","CATO","BGHC","2022","Etheostoma flabellare",20.25,10.52,-0.38,40.88,0.44,0.31,-0.16,1.05
"160","NCRN","CATO","BGHC","2022","Fundulus diaphanus",2,0,2,2,1,0,1,1
"161","NCRN","CATO","BGHC","2010","Oncorhynchus mykiss",2,0,2,2,1,0,1,1
"162","NCRN","CATO","BGHC","2022","Oncorhynchus mykiss",1,0,1,1,1,0,1,1
"163","NCRN","CATO","BGHC","2006","Rhinichthys atratulus",20.64,1.16,18.36,22.92,0.82,0.11,0.61,1.04
"164","NCRN","CATO","BGHC","2010","Rhinichthys atratulus",96.8,21.77,54.13,139.47,0.45,0.14,0.18,0.73
"165","NCRN","CATO","BGHC","2022","Rhinichthys atratulus",146.68,4.99,136.9,156.46,0.76,0.05,0.65,0.86
"166","NCRN","CATO","BGHC","2010","Rhinichthys cataractae",84,15.87,52.89,115.11,0.5,0.13,0.24,0.76
"167","NCRN","CATO","BGHC","2022","Rhinichthys cataractae",32.89,2.31,28.36,37.43,0.76,0.11,0.55,0.97
"168","NCRN","CATO","BGHC","2006","Salmo trutta",46.55,4.28,38.15,54.94,0.69,0.11,0.47,0.91
"169","NCRN","CATO","BGHC","2022","Salmo trutta",26.27,4.04,18.35,34.2,0.65,0.17,0.32,0.98
"170","NCRN","CATO","BGHC","2006","Salvelinus fontinalis",11,0,11,11,1,0,1,1
"171","NCRN","CATO","BGHC","2010","Salvelinus fontinalis",21.33,1.99,17.44,25.23,0.75,0.14,0.48,1.02
"172","NCRN","PRWI","MBCH","2004","Anguilla rostrata",1,0,1,1,1,0,1,1
"173","NCRN","PRWI","MBCH","2011","Catostomus commersonnii",12.5,10.61,-8.29,33.29,0.4,0.44,-0.46,1.26
"175","NCRN","PRWI","MBCH","2004","Erimyzon oblongus",11.57,1.22,9.18,13.96,0.78,0.17,0.44,1.12
"176","NCRN","PRWI","MBCH","2011","Erimyzon oblongus",49,151.43,-247.8,345.8,0.14,0.48,-0.79,1.08
"177","NCRN","PRWI","MBCH","2004","Esox niger",3,0,3,3,1,0,1,1
"178","NCRN","PRWI","MBCH","2004","Etheostoma olmstedi",5,0,5,5,1,0,1,1
"179","NCRN","PRWI","MBCH","2011","Etheostoma olmstedi",9,13.42,-17.3,35.3,0.33,0.61,-0.86,1.53
"180","NCRN","PRWI","MBCH","2004","Exoglossum maxillingua",1,0,1,1,1,0,1,1
"182","NCRN","PRWI","MBCH","2004","Lepomis auritus",27,3.67,19.8,34.2,0.67,0.16,0.36,0.97
"183","NCRN","PRWI","MBCH","2011","Lepomis auritus",84.5,175.14,-258.77,427.77,0.15,0.35,-0.53,0.83
"186","NCRN","PRWI","MBCH","2004","Noturus insignis",18.29,0.69,16.93,19.64,0.88,0.09,0.69,1.06
"187","NCRN","PRWI","MBCH","2011","Noturus insignis",60.5,110.69,-156.44,277.44,0.18,0.37,-0.54,0.9
"188","NCRN","PRWI","MBCH","2004","Rhinichthys atratulus",10.12,0.44,9.25,11,0.89,0.12,0.66,1.12
"189","NCRN","PRWI","MBCH","2011","Rhinichthys atratulus",8.33,2.94,2.57,14.1,0.6,0.33,-0.06,1.26
"190","NCRN","PRWI","MBCH","2004","Semotilus corporalis",1,0,1,1,1,0,1,1
"191","NCRN","PRWI","MBCH","2011","Semotilus corporalis",28.17,11.3,6.01,50.32,0.46,0.25,-0.03,0.96
"193","NCRN","PRWI","NFQC","2021","Anguilla rostrata",17.29,3.48,10.47,24.1,0.64,0.21,0.22,1.05
"194","NCRN","PRWI","NFQC","2021","Catostomus commersonnii",2,0,2,2,1,0,1,1
"195","NCRN","PRWI","NFQC","2011","Clinostomus funduloides",2,0,2,2,1,0,1,1
"197","NCRN","PRWI","NFQC","2011","Exoglossum maxillingua",8,0,8,8,1,0,1,1
"199","NCRN","PRWI","NFQC","2021","Lepomis auritus",4,3.46,-2.79,10.79,0.5,0.61,-0.7,1.7
"201","NCRN","PRWI","NFQC","2021","Lepomis cyanellus",1,0,1,1,1,0,1,1
"202","NCRN","PRWI","NFQC","2011","Noturus insignis",1,0,1,1,1,0,1,1
"203","NCRN","PRWI","NFQC","2021","Noturus insignis",3,0,3,3,1,0,1,1
"204","NCRN","PRWI","NFQC","2011","Rhinichthys atratulus",14.4,0.9,12.64,16.16,0.83,0.13,0.58,1.08
"206","NCRN","PRWI","NFQC","2011","Semotilus atromaculatus",3,0,3,3,1,0,1,1
"208","NCRN","PRWI","NFQC","2011","Semotilus corporalis",15.12,1.93,11.34,18.91,0.73,0.18,0.38,1.08
"209","NCRN","PRWI","NFQC","2021","Semotilus corporalis",20.64,1.16,18.36,22.92,0.82,0.11,0.61,1.04
"210","NCRN","PRWI","SFQC","2021","Anguilla rostrata",72,6,60.24,83.76,0.67,0.1,0.48,0.86
"213","NCRN","PRWI","SFQC","2021","Exoglossum maxillingua",48,54.99,-59.78,155.78,0.25,0.33,-0.4,0.9
"215","NCRN","PRWI","SFQC","2021","Lepomis cyanellus",12.25,4.15,4.12,20.38,0.57,0.3,-0.01,1.15
"216","NCRN","PRWI","SFQC","2021","Lepomis macrochirus",1,0,1,1,1,0,1,1
"217","NCRN","PRWI","SFQC","2021","Noturus insignis",77.88,10.12,58.05,97.72,0.58,0.12,0.35,0.8
"221","NCRN","PRWI","MBBR","2011","Anguilla rostrata",2,0,2,2,1,0,1,1
"222","NCRN","PRWI","MBBR","2021","Anguilla rostrata",20.57,5.05,10.68,30.47,0.58,0.22,0.15,1.02
"224","NCRN","PRWI","MBBR","2011","Clinostomus funduloides",20.25,10.52,-0.38,40.88,0.44,0.31,-0.16,1.05
"225","NCRN","PRWI","MBBR","2021","Clinostomus funduloides",52,12.49,27.52,76.48,0.5,0.17,0.17,0.83
"227","NCRN","PRWI","MBBR","2011","Exoglossum maxillingua",1,0,1,1,1,0,1,1
"228","NCRN","PRWI","MBBR","2021","Exoglossum maxillingua",11.57,1.22,9.18,13.96,0.78,0.17,0.44,1.12
"229","NCRN","PRWI","MBBR","2011","Lepomis auritus",1,0,1,1,1,0,1,1
"230","NCRN","PRWI","MBBR","2021","Lepomis auritus",2,0,2,2,1,0,1,1
"231","NCRN","PRWI","MBBR","2021","Luxilus cornutus",4,3.46,-2.79,10.79,0.5,0.61,-0.7,1.7
"234","NCRN","PRWI","MBBR","2021","Rhinichthys atratulus",82.29,53.32,-22.21,186.78,0.29,0.22,-0.15,0.73
"236","NCRN","PRWI","MBBR","2021","Semotilus atromaculatus",32.67,14.59,4.07,61.27,0.43,0.25,-0.07,0.92
"238","NCRN","PRWI","MBBR","2021","Semotilus corporalis",16.33,10.32,-3.89,36.56,0.43,0.36,-0.27,1.13
"239","NCRN","PRWI","SORU","2021","Anguilla rostrata",18,3,12.12,23.88,0.67,0.19,0.29,1.04
"240","NCRN","PRWI","SORU","2021","Catostomus commersonnii",16.33,10.32,-3.89,36.56,0.43,0.36,-0.27,1.13
"241","NCRN","PRWI","SORU","2021","Clinostomus funduloides",21.6,1.1,19.44,23.76,0.83,0.1,0.63,1.04
"242","NCRN","PRWI","SORU","2021","Etheostoma olmstedi",4.5,1.5,1.56,7.44,0.67,0.38,-0.09,1.42
"243","NCRN","PRWI","SORU","2021","Exoglossum maxillingua",15.12,1.93,11.34,18.91,0.73,0.18,0.38,1.08
"244","NCRN","PRWI","SORU","2021","Lepomis auritus",24.5,30.31,-34.91,83.91,0.29,0.42,-0.53,1.11
"245","NCRN","PRWI","SORU","2021","Luxilus cornutus",18,18.97,-19.19,55.19,0.33,0.43,-0.51,1.18
"247","NCRN","PRWI","SORU","2021","Rhinichthys atratulus",50,84.85,-116.31,216.31,0.2,0.38,-0.54,0.94
"248","NCRN","PRWI","SORU","2021","Semotilus atromaculatus",33.8,19.06,-3.56,71.16,0.38,0.28,-0.16,0.93
"249","NCRN","PRWI","SORU","2021","Semotilus corporalis",35.27,4.55,26.34,44.19,0.65,0.14,0.37,0.93
"250","NCRN","MONO","BUCK","2010","Ambloplites rupestris",4,3.46,-2.79,10.79,0.5,0.61,-0.7,1.7
"251","NCRN","MONO","BUCK","2022","Ambloplites rupestris",9,13.42,-17.3,35.3,0.33,0.61,-0.86,1.53
"252","NCRN","MONO","BUCK","2004","Ameiurus natalis",36,99.5,-159.01,231.01,0.17,0.5,-0.82,1.16
"253","NCRN","MONO","BUCK","2010","Ameiurus natalis",25,15,-4.4,54.4,0.4,0.31,-0.21,1.01
"254","NCRN","MONO","BUCK","2022","Ameiurus natalis",1,0,1,1,1,0,1,1
"255","NCRN","MONO","BUCK","2004","Campostoma anomalum",132.25,6.89,118.75,145.75,0.7,0.07,0.57,0.82
"256","NCRN","MONO","BUCK","2010","Campostoma anomalum",385.94,5.87,374.43,397.46,0.8,0.03,0.75,0.86
"257","NCRN","MONO","BUCK","2022","Campostoma anomalum",10.67,1.41,7.91,13.42,0.75,0.2,0.36,1.14
"258","NCRN","MONO","BUCK","2022","Catostomus commersonii",31.15,0.44,30.28,32.02,0.93,0.05,0.83,1.03
"259","NCRN","MONO","BUCK","2004","Catostomus commersonnii",33.06,3.44,26.31,39.81,0.7,0.13,0.44,0.95
"260","NCRN","MONO","BUCK","2010","Catostomus commersonnii",168,22.45,124,212,0.5,0.09,0.31,0.69
"263","NCRN","MONO","BUCK","2010","Cottus caeruleomentum",484.63,29.42,426.97,542.29,0.55,0.05,0.45,0.65
"264","NCRN","MONO","BUCK","2022","Cottus caeruleomentum",61.36,3.74,54.03,68.7,0.73,0.09,0.56,0.9
"265","NCRN","MONO","BUCK","2004","Cottus girardi",115.6,11.66,92.75,138.45,0.59,0.09,0.41,0.77
"266","NCRN","MONO","BUCK","2010","Cottus girardi",125,134.16,-137.96,387.96,0.2,0.24,-0.27,0.67
"267","NCRN","MONO","BUCK","2022","Cottus girardi",22.23,1.84,18.62,25.84,0.76,0.13,0.51,1.02
"268","NCRN","MONO","BUCK","2010","Cyprinella analostana",6,0,6,6,1,0,1,1
"269","NCRN","MONO","BUCK","2004","Cyprinella spiloptera",33.14,0.42,32.31,33.97,0.94,0.05,0.84,1.03
"270","NCRN","MONO","BUCK","2022","Cyprinella spiloptera",4,3.46,-2.79,10.79,0.5,0.61,-0.7,1.7
"271","NCRN","MONO","BUCK","2004","Etheostoma blennioides",49,151.43,-247.8,345.8,0.14,0.48,-0.79,1.08
"272","NCRN","MONO","BUCK","2010","Etheostoma blennioides",117.04,24.16,69.68,164.4,0.45,0.13,0.21,0.7
"273","NCRN","MONO","BUCK","2022","Etheostoma blennioides",61.54,6.09,49.61,73.47,0.65,0.11,0.44,0.86
"274","NCRN","MONO","BUCK","2004","Etheostoma caeruleum",2,0,2,2,1,0,1,1
"275","NCRN","MONO","BUCK","2010","Etheostoma caeruleum",116.74,15.16,87.02,146.45,0.54,0.1,0.34,0.74
"276","NCRN","MONO","BUCK","2022","Etheostoma caeruleum",176.4,26.13,125.18,227.62,0.48,0.1,0.29,0.67
"277","NCRN","MONO","BUCK","2004","Etheostoma flabellare",6,0,6,6,1,0,1,1
"278","NCRN","MONO","BUCK","2010","Etheostoma flabellare",37.5,18.37,1.49,73.51,0.4,0.25,-0.1,0.9
"279","NCRN","MONO","BUCK","2022","Etheostoma flabellare",90,42.43,6.85,173.15,0.33,0.19,-0.04,0.71
"281","NCRN","MONO","BUCK","2010","Etheostoma olmstedi",30.08,4.71,20.85,39.31,0.63,0.16,0.31,0.95
"282","NCRN","MONO","BUCK","2022","Etheostoma olmstedi",8,4.9,-1.6,17.6,0.5,0.43,-0.35,1.35
"284","NCRN","MONO","BUCK","2022","Faxonius sp.",208.04,6.6,195.1,220.97,0.74,0.05,0.65,0.83
"285","NCRN","MONO","BUCK","2022","Faxonius virilis",68.76,10.86,47.47,90.05,0.55,0.13,0.3,0.81
"286","NCRN","MONO","BUCK","2010","Hypentelium nigricans",9,13.42,-17.3,35.3,0.33,0.61,-0.86,1.53
"287","NCRN","MONO","BUCK","2004","Lepomis auritus",46.29,21.76,3.64,88.94,0.39,0.23,-0.07,0.85
"288","NCRN","MONO","BUCK","2010","Lepomis auritus",28.57,3.12,22.45,34.69,0.7,0.14,0.43,0.97
"289","NCRN","MONO","BUCK","2022","Lepomis auritus",12.5,1.08,10.38,14.62,0.8,0.15,0.5,1.1
"290","NCRN","MONO","BUCK","2004","Lepomis cyanellus",36,99.5,-159.01,231.01,0.17,0.5,-0.82,1.16
"292","NCRN","MONO","BUCK","2022","Lepomis cyanellus",2,0,2,2,1,0,1,1
"293","NCRN","MONO","BUCK","2004","Lepomis macrochirus",6.25,0.77,4.75,7.75,0.8,0.22,0.37,1.23
"295","NCRN","MONO","BUCK","2022","Lepomis macrochirus",1,0,1,1,1,0,1,1
"296","NCRN","MONO","BUCK","2004","Lepomis megalotis",1,0,1,1,1,0,1,1
"299","NCRN","MONO","BUCK","2022","Micropterus dolomieu",16,31.75,-46.23,78.23,0.25,0.57,-0.87,1.37
"300","NCRN","MONO","BUCK","2004","Micropterus salmoides",1,0,1,1,1,0,1,1
"301","NCRN","MONO","BUCK","2022","Nocomis leptocephalus",1,0,1,1,1,0,1,1
"302","NCRN","MONO","BUCK","2022","Nocomis micropogon",50,21.21,8.42,91.58,0.4,0.22,-0.03,0.83
"303","NCRN","MONO","BUCK","2022","Notropis hudsonius",4,3.46,-2.79,10.79,0.5,0.61,-0.7,1.7
"304","NCRN","MONO","BUCK","2010","Notropis procne",80.08,28.92,23.4,136.77,0.39,0.18,0.04,0.74
"305","NCRN","MONO","BUCK","2010","Notropis rubellus",24.5,5.87,13,36,0.57,0.21,0.16,0.98
"306","NCRN","MONO","BUCK","2022","Notropis rubellus",20.25,10.52,-0.38,40.88,0.44,0.31,-0.16,1.05
"307","NCRN","MONO","BUCK","2010","Noturus insignis",2,0,2,2,1,0,1,1
"310","NCRN","MONO","BUCK","2010","Pimephales notatus",112.5,7.5,97.8,127.2,0.67,0.08,0.52,0.82
"311","NCRN","MONO","BUCK","2022","Pimephales notatus",74.12,1.37,71.44,76.8,0.88,0.05,0.79,0.97
"312","NCRN","MONO","BUCK","2004","Rhinichthys atratulus",116.76,5.92,105.16,128.36,0.71,0.07,0.58,0.84
"313","NCRN","MONO","BUCK","2010","Rhinichthys atratulus",432.49,39.4,355.27,509.7,0.48,0.06,0.36,0.6
"314","NCRN","MONO","BUCK","2004","Rhinichthys cataractae",104.4,8.3,88.14,120.66,0.64,0.09,0.47,0.81
"315","NCRN","MONO","BUCK","2010","Rhinichthys cataractae",315.02,46.13,224.6,405.43,0.43,0.08,0.26,0.59
"316","NCRN","MONO","BUCK","2022","Rhinichthys cataractae",76,15.1,46.41,105.59,0.5,0.14,0.22,0.78
"317","NCRN","MONO","BUCK","2004","Semotilus atromaculatus",1,0,1,1,1,0,1,1
"318","NCRN","MONO","BUCK","2010","Semotilus atromaculatus",9,13.42,-17.3,35.3,0.33,0.61,-0.86,1.53
"319","NCRN","MONO","BUCK","2010","Semotilus corporalis",21.78,3.77,14.39,29.16,0.64,0.19,0.28,1.01
"320","NCRN","MONO","BUCK","2022","Semotilus corporalis",12.25,4.15,4.12,20.38,0.57,0.3,-0.01,1.15
"323","NCRN","MONO","GAMI","2004","Campostoma anomalum",12.5,10.61,-8.29,33.29,0.4,0.44,-0.46,1.26
"324","NCRN","MONO","GAMI","2022","Catostomus commersonii",4,0,4,4,1,0,1,1
"325","NCRN","MONO","GAMI","2004","Catostomus commersonnii",119.04,9.89,99.66,138.43,0.62,0.08,0.46,0.79
"326","NCRN","MONO","GAMI","2010","Catostomus commersonnii",20.25,10.52,-0.38,40.88,0.44,0.31,-0.16,1.05
"327","NCRN","MONO","GAMI","2004","Cottus caeruleomentum",212.55,5.62,201.54,223.57,0.77,0.04,0.68,0.85
"328","NCRN","MONO","GAMI","2010","Cottus caeruleomentum",33.14,0.42,32.31,33.97,0.94,0.05,0.84,1.03
"329","NCRN","MONO","GAMI","2022","Cottus caeruleomentum",7.2,0.63,5.96,8.44,0.83,0.18,0.48,1.19
"330","NCRN","MONO","GAMI","2004","Cottus girardi",16,1.72,12.63,19.37,0.75,0.16,0.43,1.07
"331","NCRN","MONO","GAMI","2022","Cottus girardi",2,0,2,2,1,0,1,1
"332","NCRN","MONO","GAMI","2004","Etheostoma flabellare",49.06,2.23,44.7,53.43,0.79,0.08,0.64,0.95
"333","NCRN","MONO","GAMI","2010","Etheostoma flabellare",16.33,0.78,14.81,17.86,0.86,0.11,0.65,1.07
"334","NCRN","MONO","GAMI","2022","Etheostoma flabellare",35.27,4.55,26.34,44.19,0.65,0.14,0.37,0.93
"335","NCRN","MONO","GAMI","2022","Eurycea bislineata",16,6.93,2.42,29.58,0.5,0.31,-0.1,1.1
"336","NCRN","MONO","GAMI","2022","Faxonius sp.",47.12,3.09,41.06,53.17,0.74,0.1,0.55,0.93
"337","NCRN","MONO","GAMI","2022","Faxonius virilis",25,15,-4.4,54.4,0.4,0.31,-0.21,1.01
"340","NCRN","MONO","GAMI","2019","Lampetra appendix",5.33,0.99,3.39,7.28,0.75,0.28,0.2,1.3
"342","NCRN","MONO","GAMI","2004","Lepomis cyanellus",28.47,1.98,24.59,32.35,0.77,0.11,0.55,0.99
"343","NCRN","MONO","GAMI","2010","Lepomis cyanellus",2,0,2,2,1,0,1,1
"345","NCRN","MONO","GAMI","2004","Lepomis hybrid",1,0,1,1,1,0,1,1
"346","NCRN","MONO","GAMI","2004","Lepomis macrochirus",38.44,1.81,34.89,41.99,0.81,0.09,0.64,0.98
"347","NCRN","MONO","GAMI","2004","Margariscus margarita",24,8.49,7.37,40.63,0.5,0.25,0.01,0.99
"349","NCRN","MONO","GAMI","2004","Micropterus salmoides",12.5,1.08,10.38,14.62,0.8,0.15,0.5,1.1
"350","NCRN","MONO","GAMI","2004","Pimephales notatus",20.25,0.63,19.02,21.48,0.89,0.08,0.73,1.05
"351","NCRN","MONO","GAMI","2022","Pimephales notatus",1,0,1,1,1,0,1,1
"355","NCRN","MONO","GAMI","2004","Rhinichthys atratulus",544.98,6.23,532.77,557.18,0.82,0.02,0.78,0.86
"356","NCRN","MONO","GAMI","2010","Rhinichthys atratulus",308.64,4.18,300.45,316.83,0.83,0.03,0.78,0.89
"357","NCRN","MONO","GAMI","2022","Rhinichthys atratulus",171.12,32.69,107.05,235.2,0.43,0.11,0.22,0.65
"358","NCRN","MONO","GAMI","2004","Rhinichthys cataractae",70.35,2.92,64.62,76.08,0.78,0.07,0.65,0.92
"360","NCRN","MONO","GAMI","2004","Semotilus atromaculatus",7,0,7,7,1,0,1,1
"361","NCRN","MONO","GAMI","2010","Semotilus atromaculatus",4.5,1.5,1.56,7.44,0.67,0.38,-0.09,1.42
"362","NCRN","MONO","GAMI","2022","Semotilus atromaculatus",5.33,0.99,3.39,7.28,0.75,0.28,0.2,1.3
"363","NCRN","ROCR","FEBR","2008","Ameiurus natalis",76.24,17.55,41.83,110.64,0.47,0.15,0.18,0.77
"364","NCRN","ROCR","FEBR","2008","Anguilla rostrata",1,0,1,1,1,0,1,1
"365","NCRN","ROCR","FEBR","2019","Anguilla rostrata",8,4.9,-1.6,17.6,0.5,0.43,-0.35,1.35
"367","NCRN","ROCR","FEBR","2019","Catostomus commersonnii",8.17,0.55,7.09,9.24,0.86,0.15,0.56,1.16
"368","NCRN","ROCR","FEBR","2008","Cyprinella analostana",51.57,25.91,0.79,102.35,0.37,0.23,-0.09,0.82
"369","NCRN","ROCR","FEBR","2019","Cyprinella analostana",8.17,0.55,7.09,9.24,0.86,0.15,0.56,1.16
"370","NCRN","ROCR","FEBR","2019","Cyprinella spiloptera",154.79,31.02,93.99,215.59,0.43,0.12,0.21,0.66
"371","NCRN","ROCR","FEBR","2008","Etheostoma olmstedi",25,60,-92.6,142.6,0.2,0.54,-0.85,1.25
"372","NCRN","ROCR","FEBR","2008","Gambusia holbrooki",4.5,1.5,1.56,7.44,0.67,0.38,-0.09,1.42
"373","NCRN","ROCR","FEBR","2019","Gambusia holbrooki",4,3.46,-2.79,10.79,0.5,0.61,-0.7,1.7
"374","NCRN","ROCR","FEBR","2019","Lepomis auritus",25,15,-4.4,54.4,0.4,0.31,-0.21,1.01
"376","NCRN","ROCR","FEBR","2019","Lepomis gibbosus",4.5,1.5,1.56,7.44,0.67,0.38,-0.09,1.42
"379","NCRN","ROCR","FEBR","2019","Notropis procne",784,5606.65,-10204.82,11772.82,0.04,0.26,-0.47,0.55
"380","NCRN","ROCR","FEBR","2008","Pimephales notatus",9,13.42,-17.3,35.3,0.33,0.61,-0.86,1.53
"381","NCRN","ROCR","FEBR","2008","Rhinichthys atratulus",386.93,6.43,374.32,399.53,0.79,0.03,0.73,0.85
"382","NCRN","ROCR","FEBR","2008","Rhinichthys cataractae",25.94,1.45,23.09,28.79,0.81,0.1,0.61,1.01
"384","NCRN","ROCR","FEBR","2008","Semotilus atromaculatus",9,13.42,-17.3,35.3,0.33,0.61,-0.86,1.53
"385","NCRN","ROCR","FEBR","2019","Semotilus atromaculatus",4.5,1.5,1.56,7.44,0.67,0.38,-0.09,1.42
"387","NCRN","ROCR","BRBR","2008","Anguilla rostrata",2,0,2,2,1,0,1,1
"388","NCRN","ROCR","BRBR","2019","Anguilla rostrata",5,0,5,5,1,0,1,1
"389","NCRN","ROCR","BRBR","2008","Catostomus commersonnii",5,0,5,5,1,0,1,1
"390","NCRN","ROCR","BRBR","2019","Notropis procne",1,0,1,1,1,0,1,1
"392","NCRN","ROCR","BRBR","2019","Rhinichthys atratulus",120.86,6.93,107.27,134.45,0.69,0.07,0.55,0.82
"393","NCRN","ROCR","BRBR","2008","Rhinichthys cataractae",1,0,1,1,1,0,1,1
"394","NCRN","ROCR","BRBR","2019","Rhinichthys cataractae",15.12,1.93,11.34,18.91,0.73,0.18,0.38,1.08
"395","NCRN","MANA","YOBR","2004","Ameiurus natalis",5.33,0.99,3.39,7.28,0.75,0.28,0.2,1.3
"396","NCRN","MANA","YOBR","2010","Ameiurus natalis",9,13.42,-17.3,35.3,0.33,0.61,-0.86,1.53
"398","NCRN","MANA","YOBR","2022","Campostoma anomalum",12.5,10.61,-8.29,33.29,0.4,0.44,-0.46,1.26
"399","NCRN","MANA","YOBR","2022","Catostomus commersonii",8,4.9,-1.6,17.6,0.5,0.43,-0.35,1.35
"400","NCRN","MANA","YOBR","2004","Catostomus commersonnii",3,0,3,3,1,0,1,1
"401","NCRN","MANA","YOBR","2010","Catostomus commersonnii",21.12,4.31,12.68,29.57,0.62,0.2,0.22,1.01
"402","NCRN","MANA","YOBR","2004","Cyprinella analostana",1,0,1,1,1,0,1,1
"403","NCRN","MANA","YOBR","2010","Cyprinella analostana",3,0,3,3,1,0,1,1
"405","NCRN","MANA","YOBR","2010","Etheostoma flabellare",1,0,1,1,1,0,1,1
"406","NCRN","MANA","YOBR","2022","Etheostoma flabellare",5.33,0.99,3.39,7.28,0.75,0.28,0.2,1.3
"407","NCRN","MANA","YOBR","2004","Etheostoma olmstedi",8.33,2.94,2.57,14.1,0.6,0.33,-0.06,1.26
"409","NCRN","MANA","YOBR","2022","Etheostoma olmstedi",24.92,2.55,19.92,29.93,0.72,0.14,0.45,1
"412","NCRN","MANA","YOBR","2022","Faxonius sp.",16.33,10.32,-3.89,36.56,0.43,0.36,-0.27,1.13
"413","NCRN","MANA","YOBR","2022","Faxonius virilis",12,6,0.24,23.76,0.5,0.35,-0.19,1.19
"414","NCRN","MANA","YOBR","2010","Fundulus diaphanus",2,0,2,2,1,0,1,1
"416","NCRN","MANA","YOBR","2022","Gambusia holbrooki",6,0,6,6,1,0,1,1
"417","NCRN","MANA","YOBR","2022","Hybognathus regius",2,0,2,2,1,0,1,1
"418","NCRN","MANA","YOBR","2022","Hypentelium nigricans",1,0,1,1,1,0,1,1
"419","NCRN","MANA","YOBR","2004","Lepomis auritus",9.14,0.49,8.18,10.1,0.88,0.13,0.62,1.13
"421","NCRN","MANA","YOBR","2004","Lepomis cyanellus",89.47,1.58,86.37,92.57,0.87,0.04,0.79,0.96
"422","NCRN","MANA","YOBR","2010","Lepomis cyanellus",60.5,110.69,-156.44,277.44,0.18,0.37,-0.54,0.9
"423","NCRN","MANA","YOBR","2022","Lepomis cyanellus",132.25,46.99,40.14,224.36,0.35,0.15,0.05,0.65
"425","NCRN","MANA","YOBR","2004","Lepomis macrochirus",46.1,0.34,45.43,46.76,0.95,0.03,0.89,1.02
"426","NCRN","MANA","YOBR","2010","Lepomis macrochirus",4.5,1.5,1.56,7.44,0.67,0.38,-0.09,1.42
"428","NCRN","MANA","YOBR","2022","Luxilus cornutus",3,0,3,3,1,0,1,1
"429","NCRN","MANA","YOBR","2004","Micropterus dolomieu",4,0,4,4,1,0,1,1
"431","NCRN","MANA","YOBR","2010","Micropterus salmoides",9,2.12,4.84,13.16,0.67,0.27,0.13,1.2
"432","NCRN","MANA","YOBR","2022","Micropterus salmoides",36,10.39,15.63,56.37,0.5,0.2,0.1,0.9
"433","NCRN","MANA","YOBR","2010","Nocomis micropogon",5,0,5,5,1,0,1,1
"434","NCRN","MANA","YOBR","2004","Notropis hudsonius",1,0,1,1,1,0,1,1
"435","NCRN","MANA","YOBR","2022","Notropis hudsonius",66.94,4.72,57.69,76.19,0.7,0.09,0.52,0.88
"436","NCRN","MANA","YOBR","2004","Notropis procne",10,0,10,10,1,0,1,1
"437","NCRN","MANA","YOBR","2022","Noturus insignis",21.33,16.02,-10.07,52.74,0.38,0.36,-0.32,1.07
"438","NCRN","MANA","YOBR","2004","Pimephales notatus",55.84,1.18,53.53,58.15,0.88,0.05,0.77,0.98
"440","NCRN","MANA","YOBR","2022","Pimephales notatus",128,306.72,-473.17,729.17,0.12,0.32,-0.5,0.75
"441","NCRN","MANA","YOBR","2004","Rhinichthys atratulus",4,3.46,-2.79,10.79,0.5,0.61,-0.7,1.7
"442","NCRN","MANA","YOBR","2010","Rhinichthys atratulus",1,0,1,1,1,0,1,1
"443","NCRN","MANA","YOBR","2004","Rhinichthys cataractae",19.69,1.24,17.27,22.12,0.81,0.12,0.58,1.04
"446","NCRN","MANA","YOBR","2004","Semotilus atromaculatus",8.33,2.94,2.57,14.1,0.6,0.33,-0.06,1.26
"448","NCRN","MANA","YOBR","2022","Semotilus atromaculatus",3,0,3,3,1,0,1,1
"449","NCRN","MANA","YOBR","2004","Semotilus corporalis",29.39,1.88,25.71,33.07,0.78,0.11,0.57,0.99
"450","NCRN","MANA","YOBR","2010","Semotilus corporalis",6,0,6,6,1,0,1,1
"451","NCRN","MANA","YOBR","2022","Semotilus corporalis",86.4,25.37,36.68,136.12,0.42,0.16,0.1,0.73
"452","NCRN","MANA","YOBR","2022","Unknown cyprinid",1,0,1,1,1,0,1,1
"453","NCRN","MANA","CHBR","2004","Catostomus commersonnii",2,0,2,2,1,0,1,1
"454","NCRN","MANA","CHBR","2004","Etheostoma flabellare",8.17,0.55,7.09,9.24,0.86,0.15,0.56,1.16
"455","NCRN","MANA","CHBR","2004","Rhinichthys atratulus",93.73,1.74,90.31,97.15,0.86,0.04,0.78,0.95
"456","NCRN","MANA","CHBR","2004","Semotilus atromaculatus",11,0,11,11,1,0,1,1
"457","NCRN","MONO","HARU","2004","Ameiurus natalis",2,0,2,2,1,0,1,1
"459","NCRN","MONO","HARU","2004","Etheostoma flabellare",2,0,2,2,1,0,1,1
"460","NCRN","MONO","HARU","2004","Lepomis auritus",1,0,1,1,1,0,1,1
"461","NCRN","MONO","HARU","2004","Lepomis cyanellus",21.6,1.1,19.44,23.76,0.83,0.1,0.63,1.04
"462","NCRN","MONO","HARU","2004","Margariscus margarita",1,0,1,1,1,0,1,1
"463","NCRN","MONO","HARU","2004","Pimephales notatus",12.25,4.15,4.12,20.38,0.57,0.3,-0.01,1.15
"464","NCRN","MONO","HARU","2004","Rhinichthys atratulus",403.32,2.92,397.59,409.05,0.89,0.02,0.85,0.92
"465","NCRN","MONO","HARU","2004","Rhinichthys cataractae",9.14,0.49,8.18,10.1,0.88,0.13,0.62,1.13
"466","NCRN","PRWI","NOBR","2006","Catostomus commersonnii",20.17,6.11,8.19,32.14,0.55,0.25,0.06,1.03
"467","NCRN","PRWI","NOBR","2011","Catostomus commersonnii",264.5,800.96,-1305.36,1834.36,0.09,0.28,-0.45,0.63
"468","NCRN","PRWI","NOBR","2006","Clinostomus funduloides",4,3.46,-2.79,10.79,0.5,0.61,-0.7,1.7
"469","NCRN","PRWI","NOBR","2011","Clinostomus funduloides",20.45,2.16,16.22,24.69,0.73,0.15,0.44,1.03
"470","NCRN","PRWI","NOBR","2011","Erimyzon oblongus",44,11.49,21.48,66.52,0.5,0.18,0.14,0.86
"471","NCRN","PRWI","NOBR","2004","Esox niger",1,0,1,1,1,0,1,1
"472","NCRN","PRWI","NOBR","2004","Etheostoma olmstedi",37.23,6.52,24.45,50.02,0.59,0.16,0.27,0.91
"473","NCRN","PRWI","NOBR","2006","Etheostoma olmstedi",27,3.67,19.8,34.2,0.67,0.16,0.36,0.97
"475","NCRN","PRWI","NOBR","2004","Exoglossum maxillingua",1,0,1,1,1,0,1,1
"476","NCRN","PRWI","NOBR","2006","Exoglossum maxillingua",5.33,0.99,3.39,7.28,0.75,0.28,0.2,1.3
"477","NCRN","PRWI","NOBR","2011","Exoglossum maxillingua",4.5,1.5,1.56,7.44,0.67,0.38,-0.09,1.42
"478","NCRN","PRWI","NOBR","2004","Lepomis auritus",12,6,0.24,23.76,0.5,0.35,-0.19,1.19
"479","NCRN","PRWI","NOBR","2006","Lepomis auritus",37.55,0.95,35.68,39.42,0.88,0.06,0.75,1
"480","NCRN","PRWI","NOBR","2011","Lepomis auritus",33.33,32.07,-29.52,96.19,0.3,0.34,-0.38,0.98
"481","NCRN","PRWI","NOBR","2004","Lepomis macrochirus",1,0,1,1,1,0,1,1
"482","NCRN","PRWI","NOBR","2006","Luxilus cornutus",49,151.43,-247.8,345.8,0.14,0.48,-0.79,1.08
"483","NCRN","PRWI","NOBR","2011","Luxilus cornutus",83.31,7.16,69.29,97.34,0.65,0.09,0.46,0.83
"484","NCRN","PRWI","NOBR","2011","Notropis procne",4.5,1.5,1.56,7.44,0.67,0.38,-0.09,1.42
"485","NCRN","PRWI","NOBR","2004","Noturus insignis",32,44.9,-56,120,0.25,0.41,-0.54,1.04
"486","NCRN","PRWI","NOBR","2006","Noturus insignis",14.4,0.9,12.64,16.16,0.83,0.13,0.58,1.08
"487","NCRN","PRWI","NOBR","2011","Noturus insignis",16.2,5.19,6.02,26.38,0.56,0.27,0.03,1.08
"488","NCRN","PRWI","NOBR","2004","Rhinichthys atratulus",6.25,0.77,4.75,7.75,0.8,0.22,0.37,1.23
"489","NCRN","PRWI","NOBR","2006","Rhinichthys atratulus",40.91,3.06,34.92,46.9,0.73,0.11,0.53,0.94
"490","NCRN","PRWI","NOBR","2011","Rhinichthys atratulus",41.26,4.25,32.94,49.59,0.68,0.12,0.44,0.92
"491","NCRN","PRWI","NOBR","2006","Semotilus atromaculatus",1,0,1,1,1,0,1,1
"492","NCRN","PRWI","NOBR","2006","Semotilus corporalis",4.5,1.5,1.56,7.44,0.67,0.38,-0.09,1.42
"493","NCRN","PRWI","NOBR","2011","Semotilus corporalis",36.57,14.69,7.77,65.37,0.44,0.23,-0.02,0.9
"495","NCRN","ROCR","PHBR","2019","Anguilla rostrata",3,0,3,3,1,0,1,1
"496","NCRN","ROCR","PHBR","2008","Catostomus commersonnii",2,0,2,2,1,0,1,1
"497","NCRN","ROCR","PHBR","2019","Catostomus commersonnii",9.14,0.49,8.18,10.1,0.88,0.13,0.62,1.13
"498","NCRN","ROCR","PHBR","2019","Cyprinella spiloptera",24.5,30.31,-34.91,83.91,0.29,0.42,-0.53,1.11
"499","NCRN","ROCR","PHBR","2008","Rhinichthys atratulus",153.19,3.36,146.6,159.78,0.82,0.04,0.73,0.9
"500","NCRN","ROCR","PHBR","2019","Rhinichthys atratulus",111.18,11.66,88.34,134.03,0.58,0.1,0.4,0.77
"501","NCRN","ROCR","PHBR","2019","Rhinichthys cataractae",20.25,10.52,-0.38,40.88,0.44,0.31,-0.16,1.05
"502","NCRN","ROCR","PHBR","2008","Semotilus atromaculatus",9.8,1.68,6.51,13.09,0.71,0.23,0.27,1.16
"504","NCRN","ROCR","PYBR","2009","Ameiurus natalis",13.5,2.6,8.41,18.59,0.67,0.22,0.23,1.1
"505","NCRN","ROCR","PYBR","2009","Anguilla rostrata",67.24,7.92,51.71,82.77,0.61,0.12,0.38,0.84
"506","NCRN","ROCR","PYBR","2019","Anguilla rostrata",107.6,4.93,97.94,117.27,0.73,0.07,0.61,0.86
"507","NCRN","ROCR","PYBR","2009","Catostomus commersonnii",20.17,6.11,8.19,32.14,0.55,0.25,0.06,1.03
"508","NCRN","ROCR","PYBR","2019","Catostomus commersonnii",2,0,2,2,1,0,1,1
"509","NCRN","ROCR","PYBR","2009","Cyprinella analostana",104.17,5.29,93.79,114.54,0.72,0.07,0.58,0.86
"510","NCRN","ROCR","PYBR","2009","Exoglossum maxillingua",2,0,2,2,1,0,1,1
"511","NCRN","ROCR","PYBR","2009","Gambusia holbrooki",4,0,4,4,1,0,1,1
"512","NCRN","ROCR","PYBR","2009","Lepomis auritus",3,0,3,3,1,0,1,1
"513","NCRN","ROCR","PYBR","2019","Lepomis auritus",1,0,1,1,1,0,1,1
"514","NCRN","ROCR","PYBR","2009","Lepomis cyanellus",7.2,0.63,5.96,8.44,0.83,0.18,0.48,1.19
"515","NCRN","ROCR","PYBR","2009","Micropterus salmoides",1,0,1,1,1,0,1,1
"516","NCRN","ROCR","PYBR","2009","Notropis procne",44.1,13.07,18.49,69.71,0.48,0.19,0.09,0.86
"517","NCRN","ROCR","PYBR","2019","Notropis procne",1,0,1,1,1,0,1,1
"518","NCRN","ROCR","PYBR","2009","Pimephales notatus",134.7,0.97,132.8,136.6,0.93,0.02,0.88,0.98
"519","NCRN","ROCR","PYBR","2009","Rhinichthys atratulus",183.76,4.32,175.29,192.22,0.79,0.04,0.71,0.88
"520","NCRN","ROCR","PYBR","2019","Rhinichthys atratulus",69.43,2.98,63.58,75.28,0.78,0.07,0.64,0.92
"521","NCRN","ROCR","PYBR","2009","Rhinichthys cataractae",9,13.42,-17.3,35.3,0.33,0.61,-0.86,1.53
"522","NCRN","ROCR","PYBR","2019","Semotilus atromaculatus",4,3.46,-2.79,10.79,0.5,0.61,-0.7,1.7
"523","NCRN","ROCR","R630","2008","Anguilla rostrata",24.92,2.55,19.92,29.93,0.72,0.14,0.45,1
"524","NCRN","ROCR","R630","2019","Anguilla rostrata",86.22,3.9,78.58,93.87,0.75,0.07,0.62,0.89
"525","NCRN","ROCR","R630","2008","Campostoma anomalum",1,0,1,1,1,0,1,1
"527","NCRN","ROCR","R630","2019","Etheostoma olmstedi",1,0,1,1,1,0,1,1
"528","NCRN","ROCR","R630","2008","Rhinichthys atratulus",205.31,8.3,189.04,221.58,0.7,0.05,0.6,0.8
"529","NCRN","ROCR","R630","2019","Rhinichthys atratulus",104.65,2.27,100.2,109.1,0.84,0.05,0.75,0.93
"530","NCRN","ROCR","R630","2008","Rhinichthys cataractae",2,0,2,2,1,0,1,1
"531","NCRN","ROCR","R630","2019","Rhinichthys cataractae",21.78,3.77,14.39,29.16,0.64,0.19,0.28,1.01
"532","NCRN","ROCR","R630","2008","Semotilus atromaculatus",3,0,3,3,1,0,1,1
"533","NCRN","ROCR","R630","2019","Semotilus atromaculatus",2,0,2,2,1,0,1,1
"534","NCRN","ROCR","LUBR","2019","Anguilla rostrata",6,0,6,6,1,0,1,1
"535","NCRN","ROCR","LUBR","2019","Catostomus commersonnii",3,0,3,3,1,0,1,1
"536","NCRN","ROCR","LUBR","2008","Rhinichthys atratulus",58.8,4.12,50.73,66.87,0.71,0.09,0.53,0.9
"537","NCRN","ROCR","LUBR","2019","Rhinichthys atratulus",9.8,1.68,6.51,13.09,0.71,0.23,0.27,1.16
"538","NCRN","ROCR","LUBR","2008","Rhinichthys cataractae",12.8,3.18,6.56,19.04,0.62,0.25,0.13,1.12
"539","NCRN","ROCR","LUBR","2019","Rhinichthys cataractae",13.5,2.6,8.41,18.59,0.67,0.22,0.23,1.1
"540","NCRN","ROCR","LUBR","2019","Semotilus atromaculatus",13.44,0.98,11.53,15.36,0.82,0.14,0.54,1.09
"542","NCRN","WOTR","WOTR","2006","Ameiurus natalis",1,0,1,1,1,0,1,1
"544","NCRN","WOTR","WOTR","2004","Anguilla rostrata",4,0,4,4,1,0,1,1
"545","NCRN","WOTR","WOTR","2006","Anguilla rostrata",5.33,0.99,3.39,7.28,0.75,0.28,0.2,1.3
"546","NCRN","WOTR","WOTR","2012","Anguilla rostrata",3,0,3,3,1,0,1,1
"547","NCRN","WOTR","WOTR","2006","Campostoma anomalum",162.72,3.11,156.63,168.82,0.83,0.04,0.75,0.9
"548","NCRN","WOTR","WOTR","2012","Campostoma anomalum",136.03,21.02,94.83,177.23,0.49,0.11,0.28,0.7
"549","NCRN","WOTR","WOTR","2022","Campostoma anomalum",180.5,484.5,-769.1,1130.1,0.11,0.3,-0.48,0.69
"550","NCRN","WOTR","WOTR","2022","Catostomus commersonii",23.21,0.56,22.12,24.3,0.9,0.07,0.77,1.04
"551","NCRN","WOTR","WOTR","2004","Catostomus commersonnii",36.1,9.05,18.37,53.83,0.53,0.19,0.15,0.9
"552","NCRN","WOTR","WOTR","2006","Catostomus commersonnii",48.89,2.88,43.25,54.54,0.76,0.09,0.58,0.93
"553","NCRN","WOTR","WOTR","2012","Catostomus commersonnii",33.06,3.44,26.31,39.81,0.7,0.13,0.44,0.95
"555","NCRN","WOTR","WOTR","2006","Clinostomus funduloides",35.64,2.02,31.67,39.6,0.79,0.1,0.6,0.97
"556","NCRN","WOTR","WOTR","2012","Clinostomus funduloides",56.94,2.8,51.46,62.42,0.77,0.08,0.62,0.93
"560","NCRN","WOTR","WOTR","2006","Cyprinella spiloptera",33.33,5.88,21.81,44.86,0.6,0.17,0.27,0.93
"561","NCRN","WOTR","WOTR","2012","Cyprinella spiloptera",28.47,1.98,24.59,32.35,0.77,0.11,0.55,0.99
"563","NCRN","WOTR","WOTR","2006","Etheostoma olmstedi",37.79,5.97,26.08,49.5,0.61,0.15,0.31,0.91
"564","NCRN","WOTR","WOTR","2012","Etheostoma olmstedi",44.52,3.49,37.69,51.35,0.72,0.11,0.51,0.93
"565","NCRN","WOTR","WOTR","2022","Etheostoma olmstedi",28.17,11.3,6.01,50.32,0.46,0.25,-0.03,0.96
"567","NCRN","WOTR","WOTR","2012","Exoglossum maxillingua",3,0,3,3,1,0,1,1
"568","NCRN","WOTR","WOTR","2006","Lepomis auritus",3,0,3,3,1,0,1,1
"569","NCRN","WOTR","WOTR","2012","Lepomis auritus",12.5,10.61,-8.29,33.29,0.4,0.44,-0.46,1.26
"570","NCRN","WOTR","WOTR","2022","Lepomis auritus",6,0,6,6,1,0,1,1
"571","NCRN","WOTR","WOTR","2004","Lepomis cyanellus",1,0,1,1,1,0,1,1
"572","NCRN","WOTR","WOTR","2006","Lepomis cyanellus",5.33,0.99,3.39,7.28,0.75,0.28,0.2,1.3
"573","NCRN","WOTR","WOTR","2012","Lepomis cyanellus",4,3.46,-2.79,10.79,0.5,0.61,-0.7,1.7
"574","NCRN","WOTR","WOTR","2022","Lepomis cyanellus",17.82,1.43,15.01,20.62,0.79,0.14,0.52,1.05
"575","NCRN","WOTR","WOTR","2004","Lepomis gibbosus",27,23.24,-18.55,72.55,0.33,0.35,-0.36,1.02
"579","NCRN","WOTR","WOTR","2004","Lepomis macrochirus",4.5,1.5,1.56,7.44,0.67,0.38,-0.09,1.42
"580","NCRN","WOTR","WOTR","2006","Lepomis macrochirus",4.5,1.5,1.56,7.44,0.67,0.38,-0.09,1.42
"581","NCRN","WOTR","WOTR","2012","Lepomis macrochirus",1,0,1,1,1,0,1,1
"583","NCRN","WOTR","WOTR","2006","Luxilus cornutus",1,0,1,1,1,0,1,1
"584","NCRN","WOTR","WOTR","2012","Luxilus cornutus",49,17.87,13.97,84.03,0.43,0.21,0.02,0.83
"585","NCRN","WOTR","WOTR","2022","Luxilus cornutus",28.47,1.98,24.59,32.35,0.77,0.11,0.55,0.99
"586","NCRN","WOTR","WOTR","2004","Micropterus salmoides",2,0,2,2,1,0,1,1
"588","NCRN","WOTR","WOTR","2004","Notropis procne",9,2.12,4.84,13.16,0.67,0.27,0.13,1.2
"589","NCRN","WOTR","WOTR","2006","Notropis procne",36,99.5,-159.01,231.01,0.17,0.5,-0.82,1.16
"590","NCRN","WOTR","WOTR","2012","Notropis procne",72.2,61.12,-47.6,192,0.26,0.26,-0.25,0.77
"592","NCRN","WOTR","WOTR","2012","Noturus insignis",4,3.46,-2.79,10.79,0.5,0.61,-0.7,1.7
"593","NCRN","WOTR","WOTR","2004","Rhinichthys atratulus",197.88,15.42,167.66,228.11,0.59,0.07,0.45,0.73
"594","NCRN","WOTR","WOTR","2006","Rhinichthys atratulus",248.53,5.39,237.97,259.09,0.78,0.04,0.71,0.86
"595","NCRN","WOTR","WOTR","2012","Rhinichthys atratulus",355.69,62.66,232.87,478.51,0.38,0.09,0.21,0.55
"596","NCRN","WOTR","WOTR","2022","Rhinichthys atratulus",432.18,89.09,257.56,606.8,0.34,0.09,0.17,0.51
"599","NCRN","WOTR","WOTR","2012","Rhinichthys cataractae",144,8.49,127.37,160.63,0.67,0.07,0.53,0.8
"600","NCRN","WOTR","WOTR","2022","Rhinichthys cataractae",33.33,5.88,21.81,44.86,0.6,0.17,0.27,0.93
"601","NCRN","WOTR","WOTR","2004","Semotilus atromaculatus",4,3.46,-2.79,10.79,0.5,0.61,-0.7,1.7
"602","NCRN","WOTR","WOTR","2006","Semotilus atromaculatus",21.78,3.77,14.39,29.16,0.64,0.19,0.28,1.01
"604","NCRN","WOTR","WOTR","2022","Semotilus atromaculatus",146.29,123.26,-95.3,387.88,0.22,0.21,-0.19,0.63
"605","NCRN","ROCR","SVPS","2008","Anguilla rostrata",6.25,0.77,4.75,7.75,0.8,0.22,0.37,1.23
"606","NCRN","ROCR","SVPS","2008","Catostomus commersonnii",4,3.46,-2.79,10.79,0.5,0.61,-0.7,1.7
"607","NCRN","ROCR","SVPS","2008","Rhinichthys atratulus",383.21,6.53,370.42,396,0.79,0.03,0.73,0.85
"608","NCRN","ROCR","SVPS","2008","Rhinichthys cataractae",9,2.12,4.84,13.16,0.67,0.27,0.13,1.2
"609","NCRN","ROCR","BAKE","2009","Anguilla rostrata",4,3.46,-2.79,10.79,0.5,0.61,-0.7,1.7
"610","NCRN","ROCR","BAKE","2022","Anguilla rostrata",37.5,1.88,33.83,41.17,0.8,0.09,0.62,0.98
"611","NCRN","ROCR","BAKE","2022","Cambarus bartonii",2,0,2,2,1,0,1,1
"612","NCRN","ROCR","BAKE","2022","Eurycea bislineata",4,3.46,-2.79,10.79,0.5,0.61,-0.7,1.7
"613","NCRN","NACE","OXRU","2022","Ameiurus natalis",1,0,1,1,1,0,1,1
"614","NCRN","NACE","OXRU","2013","Ameiurus nebulosus",2,0,2,2,1,0,1,1
"615","NCRN","NACE","OXRU","2013","Anguilla rostrata",84.38,13.33,58.25,110.5,0.53,0.12,0.29,0.78
"616","NCRN","NACE","OXRU","2022","Anguilla rostrata",110.3,8.03,94.57,126.03,0.65,0.08,0.49,0.81
"617","NCRN","NACE","OXRU","2013","Campostoma anomalum",1,0,1,1,1,0,1,1
"619","NCRN","NACE","OXRU","2022","Catostomus commersonii",1,0,1,1,1,0,1,1
"620","NCRN","NACE","OXRU","2013","Catostomus commersonnii",1,0,1,1,1,0,1,1
"622","NCRN","NACE","OXRU","2013","Etheostoma blennioides",9,13.42,-17.3,35.3,0.33,0.61,-0.86,1.53
"624","NCRN","NACE","OXRU","2013","Etheostoma olmstedi",71.27,26.39,19.55,122.99,0.39,0.19,0.03,0.76
"625","NCRN","NACE","OXRU","2022","Etheostoma olmstedi",33.14,1.58,30.04,36.23,0.81,0.09,0.64,0.99
"626","NCRN","NACE","OXRU","2013","Fundulus diaphanus",1106.29,1891.1,-2600.21,4812.78,0.08,0.14,-0.2,0.36
"627","NCRN","NACE","OXRU","2022","Fundulus diaphanus",386.51,15.31,356.51,416.51,0.65,0.04,0.56,0.73
"628","NCRN","NACE","OXRU","2013","Fundulus heteroclitus",945.19,296.57,363.92,1526.45,0.23,0.08,0.07,0.38
"629","NCRN","NACE","OXRU","2022","Fundulus heteroclitus",214.08,40.14,135.4,292.76,0.42,0.1,0.22,0.62
"630","NCRN","NACE","OXRU","2013","Gambusia holbrooki",85.33,32.05,22.52,148.15,0.38,0.18,0.03,0.72
"633","NCRN","NACE","OXRU","2022","Hybognathus regius",184.26,1.33,181.65,186.88,0.92,0.02,0.87,0.96
"634","NCRN","NACE","OXRU","2013","Lepomis auritus",47.53,1.81,43.99,51.08,0.82,0.07,0.68,0.96
"635","NCRN","NACE","OXRU","2022","Lepomis auritus",48.66,1.03,46.64,50.68,0.88,0.05,0.78,0.99
"636","NCRN","NACE","OXRU","2013","Lepomis gibbosus",96.04,16.08,64.53,127.55,0.51,0.12,0.27,0.75
"637","NCRN","NACE","OXRU","2013","Lepomis macrochirus",26.27,4.04,18.35,34.2,0.65,0.17,0.32,0.98
"638","NCRN","NACE","OXRU","2022","Lepomis macrochirus",1,0,1,1,1,0,1,1
"639","NCRN","NACE","OXRU","2013","Lepomis megalotis",10.12,0.44,9.25,11,0.89,0.12,0.66,1.12
"640","NCRN","NACE","OXRU","2022","Lepomis megalotis",1,0,1,1,1,0,1,1
"641","NCRN","NACE","OXRU","2022","Menidia/membras sp.",4.5,1.5,1.56,7.44,0.67,0.38,-0.09,1.42
"642","NCRN","NACE","OXRU","2022","Micropterus dolomieu",1,0,1,1,1,0,1,1
"643","NCRN","NACE","OXRU","2013","Micropterus salmoides",9,2.12,4.84,13.16,0.67,0.27,0.13,1.2
"644","NCRN","NACE","OXRU","2022","Micropterus salmoides",5.33,0.99,3.39,7.28,0.75,0.28,0.2,1.3
"647","NCRN","NACE","OXRU","2006","Rhinichthys atratulus",290.97,19.6,252.56,329.38,0.58,0.06,0.46,0.69
"648","NCRN","NACE","OXRU","2022","Rhinichthys atratulus",4,3.46,-2.79,10.79,0.5,0.61,-0.7,1.7
"650","NCRN","NACE","ACCK","2013","Ameiurus natalis",1,0,1,1,1,0,1,1
"651","NCRN","NACE","ACCK","2004","Ameiurus nebulosus",130.05,35.79,59.9,200.2,0.39,0.14,0.12,0.66
"655","NCRN","NACE","ACCK","2013","Catostomus commersonnii",24.2,10.88,2.87,45.53,0.45,0.28,-0.09,1
"656","NCRN","NACE","ACCK","2004","Erimyzon oblongus",66.67,8.31,50.37,82.96,0.6,0.12,0.37,0.83
"657","NCRN","NACE","ACCK","2013","Erimyzon oblongus",9.14,0.49,8.18,10.1,0.88,0.13,0.62,1.13
"658","NCRN","NACE","ACCK","2004","Etheostoma olmstedi",441,2689.31,-4829.96,5711.96,0.05,0.3,-0.54,0.63
"660","NCRN","NACE","ACCK","2004","Fundulus diaphanus",109.44,13.37,83.25,135.64,0.56,0.1,0.36,0.76
"661","NCRN","NACE","ACCK","2004","Gambusia affinis",605.57,24.69,557.17,653.97,0.6,0.04,0.53,0.68
"663","NCRN","NACE","ACCK","2004","Lampetra aepyptera",1,0,1,1,1,0,1,1
"664","NCRN","NACE","ACCK","2004","Lepomis cyanellus",28.17,11.3,6.01,50.32,0.46,0.25,-0.03,0.96
"666","NCRN","NACE","ACCK","2004","Lepomis gibbosus",18.78,2.65,13.59,23.97,0.69,0.18,0.35,1.04
"667","NCRN","NACE","ACCK","2013","Lepomis gibbosus",14.4,0.9,12.64,16.16,0.83,0.13,0.58,1.08
"668","NCRN","NACE","ACCK","2004","Lepomis macrochirus",13.09,0.36,12.39,13.79,0.92,0.09,0.75,1.09
"669","NCRN","NACE","ACCK","2013","Lepomis macrochirus",4,3.46,-2.79,10.79,0.5,0.61,-0.7,1.7
"670","NCRN","NACE","ACCK","2004","Notemigonus crysoleucas",1,0,1,1,1,0,1,1
"671","NCRN","NACE","ACCK","2004","Petromyzon marinus",8.33,2.94,2.57,14.1,0.6,0.33,-0.06,1.26
"673","NCRN","NACE","ACCK","2004","Semotilus atromaculatus",64.06,12.79,38.99,89.12,0.52,0.15,0.23,0.8
"674","NCRN","NACE","ACCK","2013","Semotilus atromaculatus",9,13.42,-17.3,35.3,0.33,0.61,-0.86,1.53
"675","NCRN","NACE","ACCK","2004","Umbra pygmaea",65.33,85.56,-102.35,233.02,0.21,0.32,-0.41,0.83
"678","NCRN","NACE","HECR","2022","Anguilla rostrata",13.44,0.98,11.53,15.36,0.82,0.14,0.54,1.09
"679","NCRN","NACE","HECR","2013","Campostoma anomalum",232.82,2.55,227.82,237.82,0.87,0.03,0.82,0.92
"680","NCRN","NACE","HECR","2022","Campostoma anomalum",107.27,11.29,85.15,129.39,0.59,0.1,0.4,0.78
"681","NCRN","NACE","HECR","2022","Catostomus commersonii",43.56,5.33,33.11,54,0.64,0.13,0.38,0.9
"682","NCRN","NACE","HECR","2013","Catostomus commersonnii",7,0,7,7,1,0,1,1
"683","NCRN","NACE","HECR","2013","Clinostomus funduloides",2,0,2,2,1,0,1,1
"684","NCRN","NACE","HECR","2022","Clinostomus funduloides",9.14,0.49,8.18,10.1,0.88,0.13,0.62,1.13
"685","NCRN","NACE","HECR","2013","Cyprinella analostana",36.57,0.98,34.65,38.49,0.88,0.07,0.75,1
"687","NCRN","NACE","HECR","2013","Etheostoma olmstedi",105.31,3.2,99.05,111.58,0.8,0.05,0.69,0.9
"688","NCRN","NACE","HECR","2022","Etheostoma olmstedi",57.6,20.71,17,98.2,0.42,0.2,0.03,0.8
"691","NCRN","NACE","HECR","2013","Fundulus heteroclitus",11.57,1.22,9.18,13.96,0.78,0.17,0.44,1.12
"692","NCRN","NACE","HECR","2013","Lepomis auritus",79.2,2.11,75.07,83.33,0.83,0.05,0.73,0.94
"693","NCRN","NACE","HECR","2022","Lepomis auritus",180.02,13.27,154.01,206.02,0.61,0.07,0.47,0.74
"694","NCRN","NACE","HECR","2013","Lepomis cyanellus",2,0,2,2,1,0,1,1
"695","NCRN","NACE","HECR","2022","Lepomis cyanellus",21.12,4.31,12.68,29.57,0.62,0.2,0.22,1.01
"696","NCRN","NACE","HECR","2013","Lepomis macrochirus",6.25,0.77,4.75,7.75,0.8,0.22,0.37,1.23
"697","NCRN","NACE","HECR","2022","Lepomis macrochirus",1,0,1,1,1,0,1,1
"700","NCRN","NACE","HECR","2013","Notropis procne",204.46,6.42,191.88,217.04,0.74,0.05,0.65,0.83
"701","NCRN","NACE","HECR","2022","Notropis procne",36,10.39,15.63,56.37,0.5,0.2,0.1,0.9
"703","NCRN","NACE","HECR","2013","Rhinichthys atratulus",397.73,3.4,391.07,404.39,0.87,0.02,0.83,0.91
"704","NCRN","NACE","HECR","2022","Rhinichthys atratulus",24.2,10.88,2.87,45.53,0.45,0.28,-0.09,1
"705","NCRN","NACE","HECR","2013","Rhinichthys cataractae",91.78,1.78,88.29,95.27,0.86,0.04,0.77,0.95
"706","NCRN","NACE","HECR","2013","Semotilus atromaculatus",112.23,3.63,105.11,119.35,0.78,0.05,0.68,0.89
"707","NCRN","NACE","HECR","2022","Semotilus atromaculatus",72.25,17.24,38.46,106.04,0.47,0.15,0.17,0.77
"710","NCRN","NACE","STCK","2004","Anguilla rostrata",8,0,8,8,1,0,1,1
"711","NCRN","NACE","STCK","2013","Anguilla rostrata",72.02,3.34,65.47,78.57,0.76,0.07,0.62,0.91
"712","NCRN","NACE","STCK","2022","Anguilla rostrata",73.09,10.72,52.08,94.09,0.56,0.12,0.32,0.8
"713","NCRN","NACE","STCK","2022","Campostoma anomalum",3,0,3,3,1,0,1,1
"714","NCRN","NACE","STCK","2004","Carassius auratus",4,3.46,-2.79,10.79,0.5,0.61,-0.7,1.7
"715","NCRN","NACE","STCK","2022","Catostomus commersonii",3,0,3,3,1,0,1,1
"716","NCRN","NACE","STCK","2004","Catostomus commersonnii",81,296.86,-500.84,662.84,0.11,0.43,-0.74,0.96
"718","NCRN","NACE","STCK","2004","Clinostomus funduloides",1,0,1,1,1,0,1,1
"719","NCRN","NACE","STCK","2022","Crayfish",1,0,1,1,1,0,1,1
"720","NCRN","NACE","STCK","2013","Cyprinella spiloptera",29.76,1.22,27.37,32.16,0.84,0.09,0.67,1.01
"722","NCRN","NACE","STCK","2013","Erimyzon oblongus",1,0,1,1,1,0,1,1
"723","NCRN","NACE","STCK","2004","Etheostoma olmstedi",39.38,1.75,35.95,42.82,0.81,0.08,0.65,0.98
"724","NCRN","NACE","STCK","2013","Etheostoma olmstedi",113.4,13.74,86.48,140.32,0.56,0.1,0.36,0.75
"725","NCRN","NACE","STCK","2022","Etheostoma olmstedi",76.8,7.8,61.51,92.09,0.62,0.1,0.42,0.83
"729","NCRN","NACE","STCK","2013","Fundulus diaphanus",19.06,0.27,18.53,19.59,0.94,0.06,0.83,1.06
"730","NCRN","NACE","STCK","2004","Fundulus heteroclitus",60.17,38.81,-15.9,136.24,0.32,0.25,-0.17,0.8
"731","NCRN","NACE","STCK","2013","Gambusia holbrooki",56.25,52.58,-46.81,159.31,0.27,0.29,-0.3,0.84
"732","NCRN","NACE","STCK","2004","Lepomis auritus",1,0,1,1,1,0,1,1
"733","NCRN","NACE","STCK","2013","Lepomis auritus",8.33,2.94,2.57,14.1,0.6,0.33,-0.06,1.26
"734","NCRN","NACE","STCK","2013","Lepomis cyanellus",1,0,1,1,1,0,1,1
"735","NCRN","NACE","STCK","2004","Lepomis gibbosus",9.14,0.49,8.18,10.1,0.88,0.13,0.62,1.13
"736","NCRN","NACE","STCK","2004","Lepomis macrochirus",4,3.46,-2.79,10.79,0.5,0.61,-0.7,1.7
"737","NCRN","NACE","STCK","2013","Lepomis macrochirus",36.12,12.19,12.23,60.02,0.47,0.22,0.04,0.9
"738","NCRN","NACE","STCK","2004","Micropterus salmoides",1,0,1,1,1,0,1,1
"740","NCRN","NACE","STCK","2013","Notropis buccatus",3,0,3,3,1,0,1,1
"741","NCRN","NACE","STCK","2022","Notropis hudsonius",16.33,10.32,-3.89,36.56,0.43,0.36,-0.27,1.13
"742","NCRN","NACE","STCK","2004","Notropis procne",28.8,14.65,0.09,57.51,0.42,0.28,-0.13,0.96
"743","NCRN","NACE","STCK","2013","Notropis procne",60.83,4.81,51.39,70.26,0.69,0.1,0.5,0.88
"744","NCRN","NACE","STCK","2022","Notropis procne",9,13.42,-17.3,35.3,0.33,0.61,-0.86,1.53
"745","NCRN","NACE","STCK","2022","Noturus insignis",4,3.46,-2.79,10.79,0.5,0.61,-0.7,1.7
"746","NCRN","NACE","STCK","2004","Rhinichthys atratulus",187.5,41.08,106.99,268.01,0.4,0.11,0.18,0.62
"747","NCRN","NACE","STCK","2013","Rhinichthys atratulus",95.52,2.23,91.14,99.9,0.84,0.05,0.74,0.93
"750","NCRN","NACE","STCK","2013","Rhinichthys cataractae",12.8,3.18,6.56,19.04,0.62,0.25,0.13,1.12
"751","NCRN","NACE","STCK","2022","Rhinichthys cataractae",78.77,25.69,28.41,129.13,0.41,0.17,0.07,0.74
"752","NCRN","NACE","STCK","2004","Semotilus atromaculatus",20.45,2.16,16.22,24.69,0.73,0.15,0.44,1.03
"753","NCRN","NACE","STCK","2013","Semotilus atromaculatus",67.85,7.57,53.01,82.68,0.62,0.11,0.4,0.84
"754","NCRN","NACE","STCK","2022","Semotilus atromaculatus",36,10.39,15.63,56.37,0.5,0.2,0.1,0.9
"758","NCRN","ANTI","SHCK","2022","Campostoma anomalum",1,0,1,1,1,0,1,1
"759","NCRN","ANTI","SHCK","2006","Catostomus commersonnii",3,0,3,3,1,0,1,1
"760","NCRN","ANTI","SHCK","2022","Cottus cognatus",484.36,26.9,431.63,537.09,0.57,0.05,0.47,0.66
"761","NCRN","ANTI","SHCK","2004","Cottus spp.",457.53,7.64,442.55,472.51,0.78,0.03,0.72,0.83
"762","NCRN","ANTI","SHCK","2006","Cottus spp.",243.65,2.87,238.01,249.28,0.86,0.03,0.81,0.92
"763","NCRN","ANTI","SHCK","2013","Cottus spp.",412.42,22.19,368.92,455.92,0.59,0.05,0.49,0.68
"765","NCRN","ANTI","SHCK","2022","Desmognathus fuscus",3,0,3,3,1,0,1,1
"766","NCRN","ANTI","SHCK","2022","Eurycea bislineata",51.57,25.91,0.79,102.35,0.37,0.23,-0.09,0.82
"767","NCRN","ANTI","SHCK","2004","Micropterus salmoides",3,0,3,3,1,0,1,1
"768","NCRN","ANTI","SHCK","2004","Oncorhynchus mykiss",10.12,0.44,9.25,11,0.89,0.12,0.66,1.12
"769","NCRN","ANTI","SHCK","2006","Oncorhynchus mykiss",1,0,1,1,1,0,1,1
"771","NCRN","ANTI","SHCK","2022","Rana clamitans",1,0,1,1,1,0,1,1
"772","NCRN","ANTI","SHCK","2004","Rhinichthys atratulus",177.82,3.96,170.06,185.58,0.8,0.04,0.72,0.88
"773","NCRN","ANTI","SHCK","2006","Rhinichthys atratulus",82.29,1.47,79.41,85.17,0.88,0.04,0.79,0.96
"774","NCRN","ANTI","SHCK","2013","Rhinichthys atratulus",42.88,5.68,31.74,54.02,0.63,0.14,0.36,0.9
"775","NCRN","ANTI","SHCK","2022","Rhinichthys atratulus",23.53,1,21.58,25.48,0.85,0.09,0.67,1.03
"776","NCRN","ANTI","SHCK","2022","Salmo trutta",8,4.9,-1.6,17.6,0.5,0.43,-0.35,1.35
"777","NCRN","PRWI","TARU","2011","Anguilla rostrata",1,0,1,1,1,0,1,1
"778","NCRN","PRWI","TARU","2011","Catostomus commersonnii",19.27,0.66,17.98,20.56,0.88,0.09,0.71,1.05
"779","NCRN","PRWI","TARU","2011","Clinostomus funduloides",56.2,1.48,53.29,59.1,0.85,0.06,0.74,0.97
"780","NCRN","PRWI","TARU","2021","Clinostomus funduloides",28.12,7.7,13.04,43.21,0.53,0.21,0.11,0.95
"781","NCRN","PRWI","TARU","2011","Etheostoma olmstedi",3,0,3,3,1,0,1,1
"782","NCRN","PRWI","TARU","2011","Exoglossum maxillingua",12.25,4.15,4.12,20.38,0.57,0.3,-0.01,1.15
"784","NCRN","PRWI","TARU","2011","Lepomis gibbosus",1,0,1,1,1,0,1,1
"785","NCRN","PRWI","TARU","2011","Luxilus cornutus",29.16,0.47,28.25,30.07,0.93,0.05,0.82,1.03
"786","NCRN","PRWI","TARU","2011","Nocomis micropogon",2,0,2,2,1,0,1,1
"787","NCRN","PRWI","TARU","2011","Rhinichthys atratulus",67.44,0.78,65.91,68.97,0.92,0.04,0.85,0.99
"788","NCRN","PRWI","TARU","2021","Rhinichthys atratulus",93.09,40.43,13.85,172.34,0.34,0.18,-0.02,0.7
"789","NCRN","PRWI","TARU","2011","Semotilus atromaculatus",42.25,0.59,41.1,43.4,0.92,0.05,0.83,1.01
"790","NCRN","PRWI","TARU","2021","Semotilus atromaculatus",16.9,1.56,13.84,19.96,0.77,0.15,0.48,1.06
"791","NCRN","PRWI","CARU","2021","Anguilla rostrata",6.25,0.77,4.75,7.75,0.8,0.22,0.37,1.23
"792","NCRN","PRWI","CARU","2021","Clinostomus funduloides",18.29,0.69,16.93,19.64,0.88,0.09,0.69,1.06
"793","NCRN","PRWI","CARU","2021","Lepomis auritus",1,0,1,1,1,0,1,1
"796","NCRN","PRWI","CARU","2011","Rhinichthys atratulus",9,2.12,4.84,13.16,0.67,0.27,0.13,1.2
"797","NCRN","PRWI","CARU","2021","Rhinichthys atratulus",57.76,5.64,46.7,68.82,0.66,0.11,0.44,0.87
"798","NCRN","PRWI","CARU","2011","Semotilus atromaculatus",1,0,1,1,1,0,1,1
"799","NCRN","PRWI","CARU","2021","Semotilus atromaculatus",24.5,30.31,-34.91,83.91,0.29,0.42,-0.53,1.11
"800","NCRN","PRWI","CARU","2021","Semotilus corporalis",5,0,5,5,1,0,1,1
"801","NCRN","WOTR","CHCK","2012","Ameiurus natalis",9,13.42,-17.3,35.3,0.33,0.61,-0.86,1.53
"803","NCRN","WOTR","CHCK","2022","Anguilla rostrata",2,0,2,2,1,0,1,1
"805","NCRN","WOTR","CHCK","2012","Campostoma anomalum",73.5,1.65,70.27,76.73,0.86,0.05,0.76,0.96
"806","NCRN","WOTR","CHCK","2022","Campostoma anomalum",3,0,3,3,1,0,1,1
"808","NCRN","WOTR","CHCK","2012","Clinostomus funduloides",17.31,0.73,15.87,18.74,0.87,0.1,0.67,1.06
"809","NCRN","WOTR","CHCK","2022","Clinostomus funduloides",9,2.12,4.84,13.16,0.67,0.27,0.13,1.2
"810","NCRN","WOTR","CHCK","2012","Cyprinella analostana",1,0,1,1,1,0,1,1
"811","NCRN","WOTR","CHCK","2012","Etheostoma olmstedi",5,0,5,5,1,0,1,1
"812","NCRN","WOTR","CHCK","2022","Etheostoma olmstedi",23.05,0.24,22.58,23.52,0.95,0.05,0.86,1.05
"813","NCRN","WOTR","CHCK","2022","Eurycea bislineata",132.55,33.11,67.65,197.44,0.41,0.13,0.15,0.67
"814","NCRN","WOTR","CHCK","2012","Lepomis auritus",1,0,1,1,1,0,1,1
"815","NCRN","WOTR","CHCK","2022","Lepomis auritus",1,0,1,1,1,0,1,1
"816","NCRN","WOTR","CHCK","2022","Lepomis cyanellus",4,0,4,4,1,0,1,1
"818","NCRN","WOTR","CHCK","2022","Lithobates catesbeianus",1,0,1,1,1,0,1,1
"819","NCRN","WOTR","CHCK","2022","Luxilus cornutus",8.33,2.94,2.57,14.1,0.6,0.33,-0.06,1.26
"820","NCRN","WOTR","CHCK","2022","Rana clamitans",3,0,3,3,1,0,1,1
"821","NCRN","WOTR","CHCK","2012","Rhinichthys atratulus",340.1,11.55,317.47,362.73,0.69,0.04,0.61,0.77
"822","NCRN","WOTR","CHCK","2022","Rhinichthys atratulus",270.27,4.16,262.12,278.42,0.83,0.03,0.77,0.88
"823","NCRN","WOTR","CHCK","2012","Rhinichthys cataractae",84.25,1.44,81.43,87.06,0.88,0.04,0.79,0.96
"824","NCRN","WOTR","CHCK","2022","Rhinichthys cataractae",47.21,2.36,42.58,51.83,0.78,0.08,0.62,0.95
"825","NCRN","WOTR","CHCK","2012","Semotilus atromaculatus",48.66,1.03,46.64,50.68,0.88,0.05,0.78,0.99
"826","NCRN","WOTR","CHCK","2022","Semotilus atromaculatus",73.13,2.75,67.74,78.52,0.79,0.07,0.66,0.92
"827","NCRN","PRWI","MARU","2011","Rhinichthys atratulus",43.68,3.65,36.54,50.83,0.71,0.11,0.49,0.93
"828","NCRN","PRWI","MARU","2021","Rhinichthys atratulus",66.67,8.31,50.37,82.96,0.6,0.12,0.37,0.83
"829","NCRN","PRWI","MARU","2021","Semotilus atromaculatus",2,0,2,2,1,0,1,1
"830","NCRN","ROCR","DUOA","2009","Anguilla rostrata",36,26.83,-16.59,88.59,0.33,0.3,-0.26,0.93
"831","NCRN","ROCR","DUOA","2019","Lepomis cyanellus",1,0,1,1,1,0,1,1
"833","NCRN","ROCR","DUOA","2009","Rhinichthys atratulus",176.14,12.98,150.69,201.59,0.61,0.07,0.47,0.75
"834","NCRN","ROCR","DUOA","2019","Rhinichthys atratulus",36.36,8.01,20.66,52.06,0.55,0.18,0.2,0.9
"835","NCRN","ROCR","DUOA","2019","Rhinichthys cataractae",9,13.42,-17.3,35.3,0.33,0.61,-0.86,1.53
"836","NCRN","ROCR","DUOA","2019","Semotilus atromaculatus",1,0,1,1,1,0,1,1
"837","NCRN","ROCR","ROC3","2004","Ameiurus natalis",7.2,0.63,5.96,8.44,0.83,0.18,0.48,1.19
"838","NCRN","ROCR","ROC3","2004","Anguilla rostrata",2,0,2,2,1,0,1,1
"839","NCRN","ROCR","ROC3","2022","Anguilla rostrata",138.46,29.26,81.12,195.81,0.43,0.12,0.19,0.67
"840","NCRN","ROCR","ROC3","2004","Catostomus commersonnii",71.7,8.01,56,87.41,0.61,0.11,0.4,0.83
"841","NCRN","ROCR","ROC3","2004","Cyprinella spiloptera",3,0,3,3,1,0,1,1
"842","NCRN","ROCR","ROC3","2022","Etheostoma blennioides",8,4.9,-1.6,17.6,0.5,0.43,-0.35,1.35
"843","NCRN","ROCR","ROC3","2004","Etheostoma olmstedi",36,4.24,27.68,44.32,0.67,0.14,0.4,0.93
"846","NCRN","ROCR","ROC3","2004","Exoglossum maxillingua",1,0,1,1,1,0,1,1
"847","NCRN","ROCR","ROC3","2022","Faxonius limosus",1,0,1,1,1,0,1,1
"848","NCRN","ROCR","ROC3","2022","Gambusia holbrooki",1,0,1,1,1,0,1,1
"849","NCRN","ROCR","ROC3","2022","Hypentelium nigricans",1,0,1,1,1,0,1,1
"851","NCRN","ROCR","ROC3","2022","Lepomis auritus",6,0,6,6,1,0,1,1
"852","NCRN","ROCR","ROC3","2022","Micropterus dolomieu",1,0,1,1,1,0,1,1
"853","NCRN","ROCR","ROC3","2004","Notropis hudsonius",92.01,0.11,91.8,92.22,0.99,0.01,0.97,1.01
"854","NCRN","ROCR","ROC3","2022","Notropis hudsonius",3,0,3,3,1,0,1,1
"855","NCRN","ROCR","ROC3","2004","Notropis procne",82.53,6,70.76,94.3,0.68,0.09,0.51,0.85
"856","NCRN","ROCR","ROC3","2022","Percina peltata",1,0,1,1,1,0,1,1
"857","NCRN","ROCR","ROC3","2004","Pimephales notatus",5.33,0.99,3.39,7.28,0.75,0.28,0.2,1.3
"858","NCRN","ROCR","ROC3","2004","Rhinichthys atratulus",47.35,4.09,39.33,55.37,0.7,0.11,0.48,0.91
"859","NCRN","ROCR","ROC3","2022","Rhinichthys atratulus",1,0,1,1,1,0,1,1
"860","NCRN","ROCR","ROC3","2004","Rhinichthys cataractae",223.44,14.18,195.64,251.24,0.61,0.06,0.49,0.74
"861","NCRN","ROCR","ROC3","2022","Rhinichthys cataractae",160.36,91.94,-19.83,340.56,0.26,0.17,-0.08,0.6
"862","NCRN","ROCR","ROC3","2004","Semotilus corporalis",27.43,0.85,25.77,29.09,0.88,0.08,0.72,1.03
"863","NCRN","ROCR","NOST","2019","Ameiurus natalis",1,0,1,1,1,0,1,1
"865","NCRN","ROCR","NOST","2009","Rhinichthys atratulus",1,0,1,1,1,0,1,1
"866","NCRN","ROCR","NOST","2019","Semotilus atromaculatus",12.8,3.18,6.56,19.04,0.62,0.25,0.13,1.12
"867","NCRN","PRWI","ORRU","2011","Rhinichthys atratulus",196.47,5.71,185.27,207.67,0.76,0.04,0.67,0.85
"868","NCRN","ROCR","KLVA","2009","Anguilla rostrata",9.8,1.68,6.51,13.09,0.71,0.23,0.27,1.16
"869","NCRN","ROCR","KLVA","2019","Anguilla rostrata",52.94,8.85,35.6,70.29,0.57,0.14,0.28,0.85
"870","NCRN","ROCR","KLVA","2009","Lepomis gibbosus",2,0,2,2,1,0,1,1
"871","NCRN","ROCR","KLVA","2009","Rhinichthys atratulus",141.24,1.35,138.59,143.89,0.91,0.03,0.85,0.96
"872","NCRN","ROCR","KLVA","2019","Rhinichthys atratulus",61.45,20.64,21,101.9,0.42,0.19,0.06,0.79
"873","NCRN","ROCR","KLVA","2019","Semotilus atromaculatus",6,0,6,6,1,0,1,1
"874","NCRN","PRWI","BONE","2021","Anguilla rostrata",9.8,1.68,6.51,13.09,0.71,0.23,0.27,1.16
"875","NCRN","PRWI","BONE","2021","Clinostomus funduloides",5,0,5,5,1,0,1,1
"876","NCRN","PRWI","BONE","2021","Rhinichthys atratulus",92.64,2.32,88.1,97.18,0.83,0.05,0.73,0.93
"877","NCRN","PRWI","BONE","2021","Semotilus atromaculatus",1,0,1,1,1,0,1,1
"878","NCRN","PRWI","BONE","2021","Semotilus corporalis",5.33,0.99,3.39,7.28,0.75,0.28,0.2,1.3
"879","NCRN","CHOH","ISCR","2004","Campostoma anomalum",16.33,10.32,-3.89,36.56,0.43,0.36,-0.27,1.13
"881","NCRN","CHOH","ISCR","2004","Clinostomus funduloides",1,0,1,1,1,0,1,1
"883","NCRN","CHOH","ISCR","2004","Etheostoma blennioides",9,13.42,-17.3,35.3,0.33,0.61,-0.86,1.53
"885","NCRN","CHOH","ISCR","2004","Etheostoma flabellare",24.2,10.88,2.87,45.53,0.45,0.28,-0.09,1
"886","NCRN","CHOH","ISCR","2004","Etheostoma olmstedi",1,0,1,1,1,0,1,1
"887","NCRN","CHOH","ISCR","2004","Hypentelium nigricans",1,0,1,1,1,0,1,1
"888","NCRN","CHOH","ISCR","2004","Nocomis micropogon",19,0,19,19,1,0,1,1
"889","NCRN","CHOH","ISCR","2004","Rhinichthys atratulus",32.11,8.4,15.66,48.57,0.53,0.2,0.13,0.92
"890","NCRN","CHOH","ISCR","2004","Rhinichthys cataractae",94.37,5.02,84.53,104.2,0.72,0.07,0.58,0.86
"892","NCRN","CHOH","GRSR","2004","Catostomus commersonnii",1,0,1,1,1,0,1,1
"893","NCRN","CHOH","GRSR","2004","Cottus caeruleomentum",2,0,2,2,1,0,1,1
"894","NCRN","CHOH","GRSR","2004","Cottus girardi",164.76,4.44,156.07,173.46,0.78,0.05,0.69,0.87
"895","NCRN","CHOH","GRSR","2004","Etheostoma caeruleum",5.33,0.99,3.39,7.28,0.75,0.28,0.2,1.3
"897","NCRN","CHOH","GRSR","2004","Lepomis cyanellus",1,0,1,1,1,0,1,1
"898","NCRN","CHOH","GRSR","2004","Margariscus margarita",1,0,1,1,1,0,1,1
"899","NCRN","CHOH","GRSR","2004","Rhinichthys atratulus",8.17,0.55,7.09,9.24,0.86,0.15,0.56,1.16
"900","NCRN","CHOH","GRSR","2004","Semotilus atromaculatus",11.57,1.22,9.18,13.96,0.78,0.17,0.44,1.12
"901","NCRN","CHOH","CABR","2004","Ameiurus natalis",5,0,5,5,1,0,1,1
"903","NCRN","CHOH","CABR","2004","Catostomus commersonnii",8,0,8,8,1,0,1,1
"904","NCRN","CHOH","CABR","2004","Cyprinella spiloptera",140.32,3.49,133.48,147.16,0.81,0.05,0.72,0.89
"905","NCRN","CHOH","CABR","2004","Etheostoma flabellare",1,0,1,1,1,0,1,1
"906","NCRN","CHOH","CABR","2004","Etheostoma olmstedi",16.33,0.78,14.81,17.86,0.86,0.11,0.65,1.07
"907","NCRN","CHOH","CABR","2004","Lepomis cyanellus",9.8,1.68,6.51,13.09,0.71,0.23,0.27,1.16
"910","NCRN","CHOH","CABR","2004","Micropterus salmoides",1,0,1,1,1,0,1,1
"912","NCRN","CHOH","CABR","2004","Notropis hudsonius",12.5,10.61,-8.29,33.29,0.4,0.44,-0.46,1.26
"913","NCRN","CHOH","CABR","2004","Pimephales notatus",62.45,4.49,53.64,71.26,0.7,0.09,0.52,0.89
"914","NCRN","CHOH","CABR","2004","Rhinichthys atratulus",1,0,1,1,1,0,1,1
"915","NCRN","CHOH","CABR","2004","Semotilus atromaculatus",15,0,15,15,1,0,1,1
"916","NCRN","CHOH","SVSR","2004","Ameiurus natalis",1,0,1,1,1,0,1,1
"917","NCRN","CHOH","SVSR","2004","Campostoma anomalum",172.37,1.41,169.62,175.13,0.91,0.02,0.86,0.96
"918","NCRN","CHOH","SVSR","2004","Catostomus commersonnii",37.12,0.39,36.35,37.89,0.94,0.04,0.86,1.02
"919","NCRN","CHOH","SVSR","2004","Cottus caeruleomentum",404.52,38.35,329.36,479.68,0.48,0.06,0.36,0.61
"920","NCRN","CHOH","SVSR","2004","Cottus girardi",116.12,11.32,93.94,138.31,0.59,0.09,0.42,0.77
"921","NCRN","CHOH","SVSR","2004","Cyprinella spiloptera",3,0,3,3,1,0,1,1
"922","NCRN","CHOH","SVSR","2004","Etheostoma blennioides",23.27,3.03,17.33,29.21,0.69,0.16,0.37,1
"923","NCRN","CHOH","SVSR","2004","Etheostoma caeruleum",130.8,5.71,119.61,141.98,0.73,0.06,0.61,0.85
"924","NCRN","CHOH","SVSR","2004","Etheostoma flabellare",139.6,13.37,113.39,165.8,0.58,0.09,0.41,0.75
"925","NCRN","CHOH","SVSR","2004","Etheostoma olmstedi",5.33,0.99,3.39,7.28,0.75,0.28,0.2,1.3
"926","NCRN","CHOH","SVSR","2004","Hypentelium nigricans",1,0,1,1,1,0,1,1
"927","NCRN","CHOH","SVSR","2004","Lepomis cyanellus",9,13.42,-17.3,35.3,0.33,0.61,-0.86,1.53
"928","NCRN","CHOH","SVSR","2004","Luxilus cornutus",47.68,1.05,45.61,49.74,0.88,0.06,0.77,0.99
"929","NCRN","CHOH","SVSR","2004","Micropterus dolomieu",1,0,1,1,1,0,1,1
"930","NCRN","CHOH","SVSR","2004","Moxostoma erythrurum",13.09,0.36,12.39,13.79,0.92,0.09,0.75,1.09
"931","NCRN","CHOH","SVSR","2004","Nocomis micropogon",1,0,1,1,1,0,1,1
"933","NCRN","CHOH","SVSR","2004","Pimephales notatus",208.01,2.22,203.65,212.36,0.88,0.03,0.83,0.93
"934","NCRN","CHOH","SVSR","2004","Rhinichthys atratulus",272.45,8.59,255.62,289.29,0.72,0.04,0.64,0.8
"935","NCRN","CHOH","SVSR","2004","Rhinichthys cataractae",73.92,4.54,65.02,82.82,0.72,0.08,0.55,0.88
"936","NCRN","CHOH","SVSR","2004","Semotilus atromaculatus",10.67,1.41,7.91,13.42,0.75,0.2,0.36,1.14
"937","NCRN","CHOH","SVSR","2004","Semotilus corporalis",18.06,0.28,17.51,18.61,0.94,0.06,0.82,1.06
"938","NCRN","CHOH","MUBR","2004","Ameiurus natalis",5,0,5,5,1,0,1,1
"939","NCRN","CHOH","MUBR","2004","Anguilla rostrata",1,0,1,1,1,0,1,1
"940","NCRN","CHOH","MUBR","2004","Campostoma anomalum",164.24,24.57,116.08,212.4,0.48,0.1,0.29,0.68
"941","NCRN","CHOH","MUBR","2004","Catostomus commersonnii",40.5,14.88,11.33,69.67,0.44,0.22,0.01,0.87
"942","NCRN","CHOH","MUBR","2004","Cottus caeruleomentum",81,296.86,-500.84,662.84,0.11,0.43,-0.74,0.96
"943","NCRN","CHOH","MUBR","2004","Cottus girardi",97.59,6.24,85.36,109.81,0.69,0.08,0.53,0.84
"946","NCRN","CHOH","MUBR","2004","Etheostoma flabellare",126.87,8.92,109.39,144.35,0.65,0.08,0.5,0.8
"947","NCRN","CHOH","MUBR","2004","Etheostoma olmstedi",16,6.93,2.42,29.58,0.5,0.31,-0.1,1.1
"948","NCRN","CHOH","MUBR","2004","Hypentelium nigricans",1,0,1,1,1,0,1,1
"949","NCRN","CHOH","MUBR","2004","Ictalurus punctatus",2,0,2,2,1,0,1,1
"950","NCRN","CHOH","MUBR","2004","Lepomis auritus",4.5,1.5,1.56,7.44,0.67,0.38,-0.09,1.42
"952","NCRN","CHOH","MUBR","2004","Lepomis macrochirus",29.39,0.79,27.84,30.95,0.88,0.07,0.75,1.02
"956","NCRN","CHOH","MUBR","2004","Pimephales notatus",116,18.65,79.44,152.56,0.5,0.11,0.28,0.72
"957","NCRN","CHOH","MUBR","2004","Rhinichthys atratulus",56.25,10.88,34.92,77.58,0.53,0.15,0.24,0.83
"958","NCRN","CHOH","MUBR","2004","Rhinichthys cataractae",89.6,8.42,73.09,106.11,0.62,0.1,0.44,0.81
"959","NCRN","CHOH","MUBR","2004","Semotilus atromaculatus",1,0,1,1,1,0,1,1
"960","NCRN","HAFE","ELRD","2004","Catostomus commersonnii",2,0,2,2,1,0,1,1
"962","NCRN","HAFE","ELRD","2004","Etheostoma caeruleum",24.5,30.31,-34.91,83.91,0.29,0.42,-0.53,1.11
"963","NCRN","HAFE","ELRD","2004","Lepomis cyanellus",4,3.46,-2.79,10.79,0.5,0.61,-0.7,1.7
"964","NCRN","HAFE","ELRD","2004","Lepomis gibbosus",1,0,1,1,1,0,1,1
"965","NCRN","HAFE","ELRD","2004","Nocomis micropogon",1,0,1,1,1,0,1,1
"966","NCRN","HAFE","ELRD","2004","Pimephales notatus",16.33,10.32,-3.89,36.56,0.43,0.36,-0.27,1.13
"967","NCRN","HAFE","ELRD","2004","Rhinichthys atratulus",57.04,5.9,45.47,68.61,0.65,0.11,0.43,0.87
"968","NCRN","HAFE","ELRD","2004","Semotilus corporalis",1,0,1,1,1,0,1,1
"969","NCRN","HAFE","ELRU","2004","Ameiurus natalis",1,0,1,1,1,0,1,1
"970","NCRN","HAFE","ELRU","2004","Campostoma anomalum",1,0,1,1,1,0,1,1
"972","NCRN","HAFE","ELRU","2004","Etheostoma caeruleum",8.33,2.94,2.57,14.1,0.6,0.33,-0.06,1.26
"973","NCRN","HAFE","ELRU","2004","Etheostoma flabellare",1,0,1,1,1,0,1,1
"974","NCRN","HAFE","ELRU","2004","Lepomis cyanellus",13.5,2.6,8.41,18.59,0.67,0.22,0.23,1.1
"975","NCRN","HAFE","ELRU","2004","Luxilus cornutus",2,0,2,2,1,0,1,1
"977","NCRN","HAFE","ELRU","2004","Pimephales notatus",12,0,12,12,1,0,1,1
"978","NCRN","HAFE","ELRU","2004","Rhinichthys atratulus",30.77,4.3,22.33,39.21,0.65,0.15,0.35,0.95
"981","NCRN","MONO","SGAM","2004","Campostoma anomalum",80.41,5.35,69.93,90.89,0.7,0.08,0.53,0.86
"982","NCRN","MONO","SGAM","2004","Catostomus commersonnii",18,18.97,-19.19,55.19,0.33,0.43,-0.51,1.18
"983","NCRN","MONO","SGAM","2004","Cottus caeruleomentum",150.13,15.48,119.79,180.46,0.56,0.09,0.39,0.73
"984","NCRN","MONO","SGAM","2004","Cottus girardi",21.78,3.77,14.39,29.16,0.64,0.19,0.28,1.01
"985","NCRN","MONO","SGAM","2004","Cyprinella spiloptera",16.07,0.31,15.47,16.67,0.93,0.07,0.8,1.07
"986","NCRN","MONO","SGAM","2004","Etheostoma blennioides",36.45,2.76,31.05,41.85,0.74,0.11,0.53,0.96
"987","NCRN","MONO","SGAM","2004","Etheostoma caeruleum",4,0,4,4,1,0,1,1
"988","NCRN","MONO","SGAM","2004","Etheostoma flabellare",8.17,0.55,7.09,9.24,0.86,0.15,0.56,1.16
"990","NCRN","MONO","SGAM","2004","Hypentelium nigricans",4,0,4,4,1,0,1,1
"992","NCRN","MONO","SGAM","2004","Lepomis auritus",18.29,0.69,16.93,19.64,0.88,0.09,0.69,1.06
"993","NCRN","MONO","SGAM","2004","Lepomis cyanellus",2,0,2,2,1,0,1,1
"995","NCRN","MONO","SGAM","2004","Lepomis megalotis",1,0,1,1,1,0,1,1
"996","NCRN","MONO","SGAM","2004","Micropterus dolomieu",4,3.46,-2.79,10.79,0.5,0.61,-0.7,1.7
"997","NCRN","MONO","SGAM","2004","Notropis procne",1,0,1,1,1,0,1,1
"998","NCRN","MONO","SGAM","2004","Notropis rubellus",1,0,1,1,1,0,1,1
"999","NCRN","MONO","SGAM","2004","Pimephales notatus",20.25,10.52,-0.38,40.88,0.44,0.31,-0.16,1.05
"1000","NCRN","MONO","SGAM","2004","Rhinichthys atratulus",99.06,3.1,92.98,105.15,0.8,0.06,0.69,0.91
"1001","NCRN","MONO","SGAM","2004","Rhinichthys cataractae",244.57,14.82,215.51,273.62,0.61,0.06,0.5,0.73
"1003","NCRN","MONO","SGAM","2004","Semotilus corporalis",6.25,0.77,4.75,7.75,0.8,0.22,0.37,1.23
